mtllib rifle.mtl
o Rifle
v 0.989102 -8.644933 2.134075
v 1.011158 7.545677 1.785758
v -1.080506 7.545677 1.785758
v -1.059275 -8.644933 2.134075
v 0.598485 -8.978177 -0.220352
v 1.412490 7.545677 -0.771435
v -1.481394 7.545677 -0.771435
v -0.670015 -8.978177 -0.220352
v 0.820158 20.333574 -0.701928
v -0.889483 20.333574 -0.701928
v 1.254979 7.548460 -1.247590
v -1.343712 7.548460 -1.247590
v 1.256693 -4.712732 2.041393
v 1.304676 -5.923504 2.059860
v -1.546734 -4.640684 -0.787342
v -1.544717 -5.923307 -0.799069
v -1.375240 -5.924637 2.061043
v -1.335737 -4.721226 2.050205
v -0.936971 17.262060 0.723460
v -0.987864 14.118425 1.118579
v -1.038758 10.521706 1.513725
v 0.969437 10.521706 1.513725
v 0.918542 14.118425 1.118579
v 0.867647 17.262060 0.723460
v -1.289110 17.262060 -0.680901
v -1.359866 14.118425 -0.692029
v -1.430621 10.521706 -0.703160
v 1.219786 17.262060 -0.680901
v 1.290544 14.118425 -0.692029
v 1.361301 10.521706 -0.703160
v -1.139294 17.264841 -1.223191
v -1.234188 14.121210 -1.234322
v -1.295945 10.524488 -1.245450
v 1.089594 17.264841 -1.223191
v 1.151353 14.121210 -1.234322
v 1.239450 10.524488 -1.245450
v -0.910975 -14.141468 4.111721
v 0.841423 -14.141468 4.111721
v 0.758476 20.333574 -0.110539
v 0.776911 20.288637 -0.004292
v -0.846650 20.288637 -0.004292
v -0.828216 20.333574 -0.110539
v 0.811768 20.273745 -1.162724
v -0.892545 20.273745 -1.162724
v 0.794639 19.699068 0.330703
v 0.780311 20.091898 0.186610
v -0.850239 20.091898 0.186610
v -0.863964 19.699072 0.330703
v -1.093760 20.091898 -0.679593
v -1.187611 19.699072 -0.664918
v 1.118286 19.699072 -0.664918
v 1.024434 20.091898 -0.679593
v -1.107717 19.701860 -1.207208
v -0.968785 20.094492 -1.184583
v 0.888010 20.094492 -1.184583
v 1.018558 19.701860 -1.207208
v 0.589087 -9.864818 0.524853
v 0.549899 -11.107725 1.272644
v 0.592093 -12.083476 1.521187
v 0.857894 -13.406875 3.082295
v 0.875164 -11.750528 4.605309
v 0.928130 -11.096992 3.773830
v 0.910644 -10.356879 3.117283
v 0.973925 -9.320902 2.395096
v -0.946282 -13.406875 3.082295
v -0.600508 -12.083476 1.521187
v -0.621287 -11.107725 1.272644
v -0.660491 -9.864818 0.524853
v -1.043895 -9.320902 2.395096
v -0.980589 -10.356880 3.117283
v -0.997684 -11.096992 3.773830
v -0.936865 -11.749100 4.607132
v 1.151186 -7.136913 2.056236
v 1.007195 -7.943211 1.957897
v -1.390701 -7.207900 -0.777370
v -1.076167 -7.943186 -0.561008
v 1.005970 -7.943062 -0.560936
v -1.077711 -7.943604 1.958313
v -1.222309 -7.137629 2.056953
v -0.817416 -14.634295 3.849045
v 0.747898 -14.634295 3.849045
v 0.712984 -12.815804 1.604168
v 0.750346 -13.843214 2.806053
v -0.819866 -13.843214 2.806053
v -0.768575 -12.815804 1.604168
v -0.760501 -15.492298 3.951798
v 0.689822 -15.492298 3.951798
v 0.679083 -14.527133 0.981728
v 0.711249 -14.917084 2.072933
v -0.781928 -14.917086 2.072933
v -0.750114 -14.527133 0.981728
v -1.018437 -25.516174 7.782037
v 0.949180 -25.516174 7.782037
v 1.046536 -25.170195 0.755932
v 0.978248 -25.352329 3.870568
v -1.047506 -25.352329 3.870568
v -1.115795 -25.170195 0.755932
v -1.264942 -25.946552 8.310662
v 1.195685 -25.946552 8.310662
v 1.317434 -25.548870 0.501339
v 1.232037 -25.741686 3.760087
v -1.301295 -25.741686 3.760087
v -1.386693 -25.548870 0.501339
v -1.264941 -26.996120 8.225320
v 1.195686 -26.996120 8.225320
v 1.232038 -26.791254 3.679841
v -1.301294 -26.791258 3.679841
v -1.061098 -19.983803 0.732769
v -0.832262 -16.863981 0.741112
v 0.761584 -16.863981 0.741112
v 0.991855 -19.983803 0.732769
v -0.996264 -20.214325 2.798047
v -0.781927 -16.982393 2.399105
v -0.968666 -20.403597 5.523121
v -0.760500 -17.315289 4.308506
v 0.711249 -16.982393 2.399105
v 0.927021 -20.214325 2.798047
v 0.899423 -20.403597 5.523121
v 0.689823 -17.315289 4.308506
v 1.047382 -8.655719 1.894024
v 1.047382 -8.820789 0.797447
v 0.887961 -8.951954 0.217464
v 1.374896 7.562176 -0.258645
v 1.374896 7.531422 0.574047
v 1.070669 7.545677 1.414249
v -1.444214 7.562174 -0.258645
v -1.444214 7.531420 0.574047
v -1.139988 7.545677 1.414249
v -0.958066 -8.951954 0.217464
v -1.117526 -8.820790 0.797447
v -1.117526 -8.655719 1.894024
v -1.647539 -4.611582 -0.337708
v -1.749263 -4.632412 0.704304
v -1.495280 -4.719553 1.721226
v -1.637173 -5.909668 -0.348885
v -1.680947 -5.923775 0.673111
v -1.534706 -5.938156 1.613769
v 1.567912 -5.909174 -0.348885
v 1.611275 -5.923037 0.672733
v 1.464369 -5.937122 1.612759
v 1.575622 -4.606630 -0.336578
v 1.674107 -4.625368 0.700779
v 1.417712 -4.711622 1.713833
v -0.868336 -13.711902 4.418472
v -0.868336 -13.288316 4.657433
v -0.770225 -12.393622 5.101826
v 1.361301 10.521706 -0.243474
v 1.361301 10.521706 0.508525
v 1.060008 10.521706 1.260505
v 1.290544 14.118425 -0.320523
v 1.290544 14.118425 0.287265
v 1.004523 14.118425 0.895034
v 1.219787 17.262060 -0.397546
v 1.219787 17.262060 0.066005
v 0.949037 17.262060 0.529525
v -1.129329 10.521706 1.260505
v -1.430621 10.521706 0.508525
v -1.430621 10.521706 -0.243474
v -1.073845 14.118425 0.895034
v -1.359866 14.118425 0.287265
v -1.359866 14.118425 -0.320523
v -1.018361 17.262060 0.529525
v -1.289110 17.262060 0.066005
v -1.289110 17.262060 -0.397546
v 0.700343 -12.393622 5.101826
v 0.798816 -13.288316 4.657433
v 0.798816 -13.711902 4.418472
v 1.024434 20.091898 -0.520730
v 1.024434 20.091898 -0.260880
v 0.975843 20.091898 -0.001012
v 0.997881 19.699072 0.167327
v 1.118287 19.699072 -0.151387
v 1.118287 19.699072 -0.470101
v -1.045168 20.091898 -0.001012
v -1.093760 20.091898 -0.260880
v -1.093760 20.091898 -0.520730
v -1.187611 19.699072 -0.470101
v -1.187611 19.699072 -0.151387
v -1.067206 19.699072 0.167327
v 1.031337 -9.367932 2.142296
v 1.031337 -9.615020 1.292812
v 0.874280 -9.815351 0.932777
v 0.964455 -10.471375 2.749073
v 0.964455 -10.722577 2.067890
v 0.817249 -10.967130 1.619702
v 0.982926 -11.230248 3.431938
v 0.982926 -11.591414 2.669445
v 0.832999 -11.816072 2.199665
v 0.918648 -11.951302 4.377254
v 0.918648 -12.566179 3.769322
v 0.918648 -12.984150 3.376683
v -0.944210 -9.815351 0.932777
v -1.101277 -9.615020 1.292812
v -1.101277 -9.367932 2.142296
v -0.887158 -10.967130 1.619702
v -1.034369 -10.722577 2.067890
v -1.034369 -10.471376 2.749073
v -0.902572 -11.816072 2.199665
v -1.052446 -11.591414 2.669445
v -1.052446 -11.230249 3.431938
v -0.988168 -12.984150 3.376683
v -0.988168 -12.566179 3.769322
v -0.988168 -11.951302 4.377254
v 1.065447 -7.901722 -0.065525
v 1.065706 -7.919867 0.681622
v 1.066224 -7.929715 1.697487
v 1.442014 -7.167642 -0.356812
v 1.466481 -7.091854 0.635017
v 1.358826 -7.094563 1.649200
v -1.511481 -7.167961 -0.356812
v -1.535960 -7.092298 0.635262
v -1.428839 -7.095203 1.649864
v -1.135678 -7.901869 -0.065525
v -1.136004 -7.920065 0.681725
v -1.136657 -7.930037 1.697830
v 0.599297 7.545677 -0.771435
v -0.686587 7.545677 -0.771435
v -0.802120 7.545677 2.000320
v 0.714136 7.545677 2.000320
v -0.469902 -9.005608 -0.366837
v 0.389405 -9.005608 -0.366837
v 0.751033 -8.644933 2.381264
v -0.834325 -8.644933 2.381264
v 0.509801 20.333574 -0.701928
v -0.584090 20.333574 -0.701928
v 0.837822 7.548460 -1.247590
v -0.961591 7.548460 -1.247590
v 1.466106 -5.923086 -0.798866
v 1.466044 -4.638098 -0.784954
v 0.794113 -5.923874 2.303013
v -0.884527 -5.924269 2.303425
v 0.815108 -4.715488 2.285351
v -0.922590 -4.718517 2.288830
v -0.926684 10.524488 -1.245450
v 0.803236 10.524488 -1.245450
v -0.882002 14.121210 -1.234322
v 0.799271 14.121210 -1.234322
v -0.837321 17.264841 -1.223191
v 0.756268 17.264841 -1.223191
v 0.706235 10.521706 1.803485
v -0.793913 10.521706 1.803485
v 0.652331 14.118425 1.333854
v -0.738402 14.118425 1.333854
v 0.613945 17.262037 0.864249
v -0.698411 17.262037 0.864249
v -0.631685 20.288637 -0.004292
v 0.557245 20.288637 -0.004292
v 0.515132 20.333574 -0.110539
v -0.589055 20.333574 -0.110539
v 0.629866 20.273745 -1.162724
v -0.703911 20.273745 -1.162724
v -0.715966 -14.141468 4.327171
v 0.640317 -14.141468 4.327171
v -0.713959 20.094484 -1.184583
v 0.664991 20.094484 -1.184583
v 0.707345 19.701853 -1.207208
v -0.777343 19.701853 -1.207208
v 0.573033 20.091898 0.186610
v -0.650023 20.091898 0.186610
v -0.615250 19.699072 0.397449
v 0.535024 19.699072 0.397449
v 0.383511 -9.911084 0.371849
v -0.462977 -9.911084 0.371849
v 0.357439 -11.107725 1.153698
v -0.435944 -11.107725 1.153698
v 0.396436 -12.083476 1.470856
v -0.411454 -12.083476 1.470856
v -0.821550 -9.320903 2.669071
v 0.740158 -9.320902 2.669071
v -0.771677 -10.356880 3.452003
v 0.692057 -10.356879 3.452003
v -0.709691 -11.007930 4.107979
v 0.631468 -11.007930 4.107979
v -0.617522 -11.582971 4.817261
v 0.533251 -11.582970 4.817261
v 0.764500 -7.943357 2.187160
v -0.849130 -7.943481 2.187305
v 0.774514 -7.137136 2.273315
v -0.862952 -7.137406 2.273609
v -0.993211 -7.943136 -0.707294
v 0.909364 -7.943110 -0.707245
v 1.312648 -7.207752 -0.777225
v -0.715966 -14.634295 4.378582
v 0.640317 -14.634295 4.378582
v 0.435152 -12.712734 1.395733
v -0.499932 -12.712734 1.395733
v -0.568773 -15.492298 4.556824
v 0.493296 -15.492298 4.556824
v 0.342597 -14.527133 0.223026
v -0.419738 -14.527133 0.223026
v -0.758324 -25.516174 8.188603
v 0.682558 -25.516174 8.188603
v 0.752485 -25.170195 0.000462
v -0.830985 -25.170195 0.000462
v -1.079854 -25.896223 8.465978
v 0.991992 -25.896223 8.465978
v 1.092540 -25.398764 -0.137550
v -1.184333 -25.398764 -0.137550
v -1.079852 -27.237644 8.373719
v 0.991994 -27.237644 8.373719
v 1.022015 -27.002050 3.712903
v -1.111047 -27.002054 3.712903
v -0.568772 -17.315292 5.090424
v 0.493297 -17.315292 5.090424
v -0.721710 -20.403601 6.403114
v 0.646288 -20.403599 6.403114
v 0.418343 -16.949446 0.057633
v -0.495835 -16.949446 0.057633
v 0.712677 -19.983803 -0.078750
v -0.790696 -19.983803 -0.078750
v 0.640317 -13.796972 4.553257
v -0.715966 -13.796972 4.553257
v 0.640317 -13.326407 4.818714
v -0.715966 -13.326407 4.818714
v 0.560533 -12.517920 5.286373
v -0.635821 -12.517919 5.286373
v 1.309202 -26.585434 0.150170
v 1.316229 -26.367891 0.038132
v -1.378460 -26.585434 0.150170
v -1.385487 -26.367891 0.038132
v 1.092541 -26.324139 -0.201168
v 1.085743 -26.765402 0.179741
v 1.090550 -26.625717 -0.101478
v -1.177267 -26.765402 0.179741
v -1.184332 -26.324139 -0.201168
v -1.182262 -26.625717 -0.101478
v -0.677915 -12.084020 5.215462
v 0.608376 -12.084043 5.215439
v 0.408027 -12.057499 5.554714
v 0.409295 -11.955338 5.505348
v -0.485006 -11.955338 5.505348
v -0.483689 -12.057499 5.554714
v 0.186842 1.376795 2.247730
v -0.292673 1.375933 2.248691
v -0.286891 0.787645 2.265552
v 0.179911 0.788460 2.264621
v -0.587958 4.673435 2.040405
v 0.514090 4.655016 2.040405
v 0.523926 1.409616 2.245338
v -0.628651 1.407572 2.247638
v -0.291675 1.379280 2.295768
v 0.187840 1.380140 2.294815
v 0.180909 0.791782 2.311702
v -0.285893 0.790968 2.312633
v 0.290733 4.874012 2.040405
v -0.384070 4.883171 2.040405
v 0.272984 5.172537 2.033195
v -0.355468 5.175467 2.032993
v -0.260787 5.252537 2.030685
v 0.174291 5.256994 2.030853
v -0.589611 4.600922 0.168285
v 0.512437 4.582502 0.168285
v 0.522273 1.355003 0.158519
v -0.630304 1.352960 0.160827
v 0.289081 4.801500 0.168285
v -0.385723 4.810658 0.168285
v 0.271332 5.100023 0.161079
v -0.357121 5.102955 0.160881
v -0.262439 5.180023 0.158565
v 0.172638 5.184481 0.158737
v 0.189832 -7.802368 2.637142
v 0.189832 -7.632814 2.637142
v -0.311929 -7.632814 2.637142
v -0.311929 -7.802368 2.637142
v 0.253310 -7.809190 2.167709
v 0.253310 -7.596720 2.167709
v -0.375407 -7.596720 2.167709
v -0.375407 -7.809190 2.167709
v 0.189832 -7.728869 3.358341
v 0.189832 -7.547844 3.301064
v -0.311929 -7.547844 3.301064
v -0.311929 -7.728869 3.358341
v 0.189832 -7.040812 3.853161
v 0.189832 -7.001095 3.688305
v -0.311929 -7.001095 3.688305
v -0.311929 -7.040812 3.853161
v 0.189831 -6.006828 3.855915
v 0.189831 -6.023769 3.687199
v -0.311930 -6.023769 3.687199
v -0.311930 -6.006828 3.855915
v 0.189831 -5.118366 3.652630
v 0.189831 -5.200853 3.504475
v -0.311930 -5.200853 3.504475
v -0.311930 -5.118366 3.652630
v 0.189831 -4.951769 3.457619
v 0.189831 -5.113983 3.408199
v -0.311930 -5.113983 3.408199
v -0.311930 -4.951769 3.457619
v 0.189831 -4.936796 2.511047
v 0.189831 -5.103493 2.480049
v -0.311930 -5.103495 2.480049
v -0.311930 -4.936798 2.511047
v 0.189831 -4.911093 2.463306
v 0.189831 -5.027163 2.339672
v -0.311930 -5.027163 2.339672
v -0.311930 -4.911093 2.463306
v 0.189831 -4.836803 2.399380
v 0.189831 -4.893387 2.239532
v -0.311930 -4.893387 2.239532
v -0.311930 -4.836805 2.399380
v 0.189831 -4.174183 2.383377
v 0.189831 -4.163496 2.214146
v -0.311930 -4.163496 2.214146
v -0.311930 -4.174183 2.383377
v -0.034664 26.947588 -1.905118
v -0.034660 7.539522 -1.905118
v 0.255655 26.947588 -1.847379
v 0.255659 7.539522 -1.847355
v 0.501775 26.947588 -1.682920
v 0.501780 7.539522 -1.682919
v 0.666227 26.947588 -1.436792
v 0.666232 7.539522 -1.436791
v 0.723976 26.947588 -1.146466
v 0.723980 7.539522 -1.146466
v 0.666227 26.947588 -0.856164
v 0.666232 7.547749 -0.856164
v 0.501775 26.947588 -0.610036
v 0.501780 7.547745 -0.610035
v 0.255655 26.947588 -0.445577
v 0.255660 7.539522 -0.445576
v -0.034664 26.947588 -0.387841
v -0.034659 7.539522 -0.387841
v -0.324983 26.947588 -0.445577
v -0.324978 7.539522 -0.445576
v -0.571103 26.947588 -0.610036
v -0.571099 7.539522 -0.610035
v -0.735556 26.947588 -0.856164
v -0.735551 7.539522 -0.856164
v -0.793304 26.947588 -1.146466
v -0.793299 7.539522 -1.146466
v -0.735556 26.947588 -1.436792
v -0.735551 7.539522 -1.436791
v -0.571103 26.947588 -1.682920
v -0.571099 7.539522 -1.682919
v -0.324983 26.947588 -1.847379
v -0.324978 7.539522 -1.847355
v -0.034660 7.508892 -2.176259
v 0.359422 7.508892 -2.097863
v 0.693507 7.508892 -1.874630
v 0.916736 7.508892 -1.540555
v 0.995124 7.508892 -1.146466
v -1.064443 7.508892 -1.146466
v -0.986055 7.508892 -1.540555
v -0.762826 7.508892 -1.874630
v -0.428740 7.508892 -2.097863
v -0.034656 -7.403036 -2.176258
v 0.359425 -7.403036 -2.097862
v 0.693511 -7.403036 -1.874630
v 0.916740 -7.403036 -1.540554
v 0.995128 -7.403036 -1.146465
v 0.988663 -7.403036 -0.529396
v 0.693511 -7.403036 -0.418293
v -0.762822 -7.403036 -0.418293
v -1.076860 -7.403036 -0.516220
v -1.064439 -7.403036 -1.146465
v -0.986051 -7.403036 -1.540554
v -0.762822 -7.403036 -1.874630
v -0.428736 -7.403036 -2.097862
v -0.034664 26.947588 -1.558873
v 0.123157 26.947588 -1.527478
v 0.256950 26.947588 -1.438100
v 0.346349 26.947588 -1.304296
v 0.377741 26.947588 -1.146466
v 0.346349 26.947588 -0.988660
v 0.256950 26.947588 -0.854859
v 0.123157 26.947588 -0.765451
v -0.034664 26.947588 -0.734059
v -0.192485 26.947588 -0.765451
v -0.326279 26.947588 -0.854859
v -0.415677 26.947588 -0.988660
v -0.447070 26.947588 -1.146466
v -0.415677 26.947588 -1.304296
v -0.326279 26.947588 -1.438100
v -0.192485 26.947588 -1.527478
v -0.034663 20.387842 -1.558873
v 0.123158 20.387842 -1.527478
v 0.256952 20.387842 -1.438100
v 0.346350 20.387842 -1.304295
v 0.377743 20.387842 -1.146466
v 0.346350 20.387842 -0.988660
v 0.256952 20.387842 -0.854859
v 0.123158 20.387842 -0.765450
v -0.034663 20.387842 -0.734059
v -0.192483 20.387842 -0.765450
v -0.326277 20.387842 -0.854859
v -0.415675 20.387842 -0.988660
v -0.447068 20.387842 -1.146466
v -0.415675 20.387842 -1.304295
v -0.326277 20.387842 -1.438100
v -0.192483 20.387842 -1.527478
v -0.034656 -7.403036 -1.911346
v 0.258051 -7.403036 -1.853138
v 0.506196 -7.403036 -1.687325
v 0.672002 -7.403036 -1.439182
v 0.730225 -7.403036 -1.146465
v 0.730223 -7.403036 -0.853779
v 0.751592 -7.403036 -0.605625
v -0.799165 -7.403036 -0.605625
v -0.811186 -7.403036 -0.853779
v -0.799537 -7.403036 -1.146465
v -0.741313 -7.403036 -1.439182
v -0.575508 -7.403036 -1.687325
v -0.327363 -7.403036 -1.853138
v -0.034656 -7.648451 -1.911346
v 0.258051 -7.648451 -1.853138
v 0.506196 -7.648451 -1.687325
v 0.672002 -7.648451 -1.439182
v 0.730225 -7.648451 -1.146465
v 0.730223 -7.648451 -0.853779
v 0.751592 -7.648451 -0.605625
v 0.258052 -7.648451 -0.439816
v -0.034656 -7.648451 -0.381580
v -0.327363 -7.648451 -0.439816
v -0.799164 -7.648451 -0.605625
v -0.811186 -7.648451 -0.853779
v -0.799537 -7.648451 -1.146465
v -0.741313 -7.648451 -1.439182
v -0.575508 -7.648451 -1.687325
v -0.327363 -7.648451 -1.853138
v 0.996698 -3.549181 -0.529396
v 0.995127 -3.549181 -1.146465
v -0.034657 -3.549181 -2.176258
v -0.428737 -3.549181 -2.097862
v 0.916739 -3.549181 -1.540554
v 0.693510 -3.549181 -1.874630
v -0.762823 -3.549181 -1.874630
v -0.986052 -3.549181 -1.540554
v 0.359424 -3.549181 -2.097862
v -1.064440 -3.549181 -1.146465
v -1.080993 -3.549181 -0.529396
v -0.034662 17.965040 -1.146466
v -0.034658 1.724937 -2.176258
v -0.034659 4.339750 -2.176259
v 0.916738 1.724937 -1.540554
v 0.916737 4.339750 -1.540554
v -0.762824 1.724935 -1.874630
v -0.762825 4.339750 -1.874630
v 0.359423 1.724937 -2.097862
v 0.359422 4.339750 -2.097863
v -1.064441 1.724935 -1.146466
v -1.064442 4.339750 -1.146466
v 0.995125 4.339750 -1.146466
v 0.995125 1.724935 -1.146466
v -0.428739 4.339750 -2.097863
v -0.428739 1.724937 -2.097862
v 0.693508 4.339750 -1.874630
v 0.693509 1.724937 -1.874630
v -0.937718 4.339750 -1.581456
v -0.937718 1.724935 -1.581455
v -0.048004 1.745149 -1.585243
v -0.048005 4.319557 -1.585217
v -0.598364 1.745149 -1.592850
v -0.598365 4.319557 -1.592850
v -0.414237 4.319557 -1.590512
v -0.414236 1.745149 -1.590512
v -0.767949 4.319557 -1.585980
v -0.767948 1.745149 -1.585980
v -1.244126 7.546270 -0.716725
v -1.327291 0.898374 -0.716725
v -1.327291 0.898374 -1.684254
v -1.244126 7.546270 -1.581601
v -0.784774 7.546270 -0.716725
v -0.784774 7.546270 -1.581601
v -1.327290 -2.042271 -0.716725
v -1.327290 -2.042269 -1.684254
v -0.836352 0.898374 -1.684254
v 0.715455 7.546270 -0.716725
v 0.715455 7.546270 -1.581601
v -0.808878 -2.042269 -2.245476
v -0.808879 0.898374 -2.245476
v -1.327289 -3.718046 -0.716725
v -1.327289 -3.718045 -1.684254
v -0.514832 0.898374 -2.245476
v 0.767036 0.898374 -1.684254
v 1.174807 7.546270 -0.716725
v 1.174807 7.546270 -1.581601
v 1.257975 0.898374 -0.716725
v -0.836351 -3.718046 -0.716725
v -0.808877 -3.718045 -2.245476
v -0.708584 -2.040892 -2.242478
v -0.836351 -3.718045 -1.684254
v 0.445516 0.898376 -2.245476
v -0.708584 -0.842699 -2.239937
v -0.619751 -0.842699 -2.239937
v 1.257975 0.898376 -1.684254
v 1.257976 -2.042269 -0.716725
v 0.767038 -3.718045 -0.716725
v -0.640541 -3.718045 -2.245476
v -0.708583 -3.486811 -2.245476
v 0.767038 -3.718045 -1.684254
v 0.739563 0.898376 -2.245476
v 0.550436 -0.842699 -2.239937
v -0.708584 -2.041310 -2.919033
v -0.619751 -2.041310 -2.919033
v 1.257976 -2.042269 -1.684254
v 1.257976 -3.718045 -0.716725
v 0.571227 -3.718045 -2.245476
v -0.619751 -3.486811 -2.245476
v -0.708583 -3.434267 -2.732884
v -0.708583 -3.290743 -2.875401
v -0.708583 -3.094696 -2.926544
v -0.708583 -3.486811 -2.537209
v 1.257976 -3.718045 -1.684254
v 0.739564 -2.042269 -2.245476
v 0.639269 -0.842699 -2.239937
v 0.550437 -3.486811 -2.245476
v -0.619751 -3.094696 -2.926544
v -0.619751 -3.290743 -2.875401
v -0.619751 -3.434267 -2.732884
v -0.619751 -3.486811 -2.537209
v 0.739564 -3.718045 -2.245476
v 0.550436 -2.041310 -2.919033
v 0.639269 -2.041310 -2.919033
v 0.550437 -3.094694 -2.926544
v 0.550437 -3.486811 -2.537209
v 0.550437 -3.434267 -2.732884
v 0.550437 -3.290741 -2.875401
v 0.639270 -3.486811 -2.245476
v 0.639269 -2.040892 -2.242478
v 0.639269 -3.094694 -2.926544
v 0.639269 -3.486811 -2.537209
v 0.639269 -3.434267 -2.732884
v 0.639269 -3.290741 -2.875401
v -1.244124 0.898842 -0.716725
v -1.244124 0.898842 -1.581600
v -0.784772 0.898842 -1.581600
v 0.715456 0.898843 -1.581600
v 1.174809 0.898844 -0.716725
v 1.174809 0.898843 -1.581600
v -0.620496 -2.183087 -2.240597
v 0.550695 -2.183087 -2.240597
v -0.620495 -3.113484 -2.244812
v 0.550695 -3.113484 -2.244812
v -0.620496 -2.182301 -2.458218
v 0.549021 -2.182301 -2.458218
v -0.620495 -3.112694 -2.462429
v 0.549021 -3.112694 -2.462429
v -0.620495 -2.999653 -2.461910
v -0.620495 -2.835442 -2.460507
v 0.549021 -2.835442 -2.460507
v 0.549021 -2.999653 -2.461910
v -0.619820 -2.991848 -2.669850
v -0.619820 -2.840170 -2.668549
v 0.550867 -2.840170 -2.668549
v 0.550867 -2.991846 -2.669850
v -0.298538 -2.999653 -2.461910
v -0.328144 -2.840170 -2.668549
v -0.298538 -2.835442 -2.460507
v -0.328144 -2.991848 -2.669850
v 0.229223 -2.835442 -2.460507
v 0.258830 -2.840170 -2.668549
v 0.229224 -2.999653 -2.461910
v 0.258830 -2.991846 -2.669850
v -0.195967 -2.938318 -2.461617
v -0.195967 -2.896162 -2.460804
v 0.126652 -2.896162 -2.460804
v 0.126652 -2.938318 -2.461617
v -0.195967 -2.937847 -2.687729
v -0.195967 -2.895695 -2.686913
v 0.126652 -2.895695 -2.686913
v 0.126652 -2.937847 -2.687729
v 1.174807 7.227455 -0.961010
v 1.174807 7.227455 -1.337292
v 1.174808 2.379164 -0.961010
v 1.174808 2.379164 -1.337292
v 1.028953 7.227455 -0.961010
v 1.028953 7.227455 -1.337292
v 1.028954 2.379164 -0.961010
v 1.028954 2.379164 -1.337292
v -0.704484 -2.732470 -2.389694
v -0.704484 -2.813971 -2.308197
v -0.704484 -2.925289 -2.278370
v -0.704484 -3.036610 -2.308197
v -0.704484 -3.118088 -2.389694
v -0.704484 -3.147930 -2.501011
v -0.704484 -3.118088 -2.612332
v -0.704484 -3.036610 -2.693810
v -0.704484 -2.925289 -2.723622
v -0.704484 -2.813971 -2.693810
v -0.704484 -2.732470 -2.612332
v -0.704484 -2.702652 -2.501011
v -0.922678 -2.702652 -2.501011
v -0.954108 -2.735180 -2.501011
v -0.922678 -2.732470 -2.612332
v -0.954108 -2.760662 -2.596054
v -0.922678 -2.813971 -2.693810
v -0.954108 -2.830248 -2.665642
v -0.922678 -2.925289 -2.723622
v -0.954108 -2.925289 -2.691101
v -0.922677 -3.036610 -2.693810
v -0.954108 -3.020336 -2.665642
v -0.922677 -3.118088 -2.612332
v -0.954108 -3.089918 -2.596054
v -0.922677 -3.147930 -2.501011
v -0.954108 -3.115378 -2.501011
v -0.922677 -3.118088 -2.389694
v -0.954108 -3.089918 -2.405945
v -0.922678 -3.036610 -2.308197
v -0.954108 -3.020336 -2.336384
v -0.922678 -2.925289 -2.278370
v -0.954108 -2.925289 -2.310902
v -0.922678 -2.813971 -2.308197
v -0.954108 -2.830248 -2.336384
v -0.922678 -2.732470 -2.389694
v -0.954108 -2.760662 -2.405945
v 0.631427 -2.707848 -2.507317
v 0.631427 -2.737665 -2.395996
v 0.631427 -2.819168 -2.314492
v 0.631427 -2.930462 -2.284676
v 0.631427 -3.041783 -2.314492
v 0.631427 -3.123284 -2.395996
v 0.631427 -3.153101 -2.507317
v 0.631427 -3.123284 -2.618634
v 0.631427 -3.041783 -2.700115
v 0.631427 -2.930485 -2.729927
v 0.631427 -2.819166 -2.700115
v 0.631427 -2.737665 -2.618634
v 0.849621 -2.707848 -2.507317
v 0.881051 -2.740374 -2.507317
v 0.849621 -2.737665 -2.395996
v 0.881051 -2.765833 -2.412247
v 0.849621 -2.819166 -2.314492
v 0.881051 -2.835419 -2.342694
v 0.849621 -2.930485 -2.284676
v 0.881051 -2.930485 -2.317204
v 0.849621 -3.041783 -2.314492
v 0.881051 -3.025530 -2.342694
v 0.849621 -3.123284 -2.395996
v 0.881051 -3.095114 -2.412247
v 0.849621 -3.153101 -2.507317
v 0.881051 -3.120575 -2.507317
v 0.849621 -3.123284 -2.618634
v 0.881051 -3.095114 -2.602356
v 0.849621 -3.041783 -2.700115
v 0.881051 -3.025530 -2.671940
v 0.849621 -2.930485 -2.729927
v 0.881051 -2.930485 -2.697403
v 0.849621 -2.819166 -2.700115
v 0.881051 -2.835419 -2.671940
v 0.849621 -2.737665 -2.618634
v 0.881051 -2.765858 -2.602356
v 0.571667 -2.868067 -2.505989
v -0.639998 -2.868067 -2.505989
v 0.571668 -2.885773 -2.463238
v -0.639998 -2.885773 -2.463238
v 0.571668 -2.928515 -2.445538
v -0.639998 -2.928517 -2.445538
v 0.571668 -2.971260 -2.463238
v -0.639998 -2.971262 -2.463238
v 0.571667 -2.988964 -2.505989
v -0.639998 -2.988964 -2.505989
v 0.571667 -2.971260 -2.548733
v -0.639998 -2.971262 -2.548733
v 0.571667 -2.928515 -2.566433
v -0.639998 -2.928515 -2.566433
v 0.571667 -2.885773 -2.548733
v -0.639998 -2.885773 -2.548733
v -0.040415 -2.970572 -2.599453
v -0.040415 -2.865828 -2.599453
v -0.166470 -2.970572 -2.633232
v -0.166470 -2.865828 -2.633232
v -0.258748 -2.970572 -2.725521
v -0.258748 -2.865828 -2.725521
v -0.292524 -2.970572 -2.851567
v -0.292524 -2.865828 -2.851567
v -0.258748 -2.970572 -2.977635
v -0.258748 -2.865828 -2.977635
v -0.166470 -2.970572 -3.069897
v -0.166470 -2.865828 -3.069897
v -0.040415 -2.970572 -3.103680
v -0.040415 -2.865828 -3.103680
v 0.085639 -2.970572 -3.069897
v 0.085639 -2.865828 -3.069897
v 0.177917 -2.970572 -2.977635
v 0.177917 -2.865828 -2.977635
v 0.211693 -2.970572 -2.851567
v 0.211693 -2.865826 -2.851567
v 0.177917 -2.970572 -2.725521
v 0.177917 -2.865828 -2.725521
v 0.085639 -2.970572 -2.633232
v 0.085639 -2.865828 -2.633232
v -0.040415 -2.942257 -2.735790
v -0.040415 -2.894142 -2.735790
v -0.098303 -2.942257 -2.751305
v -0.098303 -2.894142 -2.751305
v -0.140680 -2.942257 -2.793679
v -0.140680 -2.894142 -2.793679
v -0.156191 -2.942257 -2.851567
v -0.156191 -2.894142 -2.851567
v -0.140680 -2.942257 -2.909455
v -0.140680 -2.894142 -2.909455
v -0.098303 -2.942255 -2.951832
v -0.098303 -2.894142 -2.951832
v -0.040415 -2.942257 -2.967346
v -0.040415 -2.894142 -2.967346
v 0.017472 -2.942255 -2.951832
v 0.017472 -2.894142 -2.951832
v 0.059849 -2.942257 -2.909455
v 0.059849 -2.894142 -2.909455
v 0.075360 -2.942255 -2.851567
v 0.075360 -2.894142 -2.851567
v 0.059849 -2.942257 -2.793679
v 0.059849 -2.894142 -2.793679
v 0.017472 -2.942257 -2.751305
v 0.017472 -2.894142 -2.751305
v 0.288079 23.609926 -1.771539
v 0.288079 25.845469 -1.771539
v -0.384208 25.845469 -1.771539
v -0.384208 23.609926 -1.771539
v 0.288079 23.609926 -2.005082
v 0.288079 25.845469 -2.005082
v -0.384208 25.845469 -2.005082
v -0.384208 23.609926 -2.005082
v 0.190588 23.934107 -2.005082
v 0.190588 25.736372 -2.005082
v -0.286718 25.736368 -2.005082
v -0.286717 23.934107 -2.005082
v 0.127348 24.594484 -2.358422
v 0.127347 25.719332 -2.358422
v -0.223477 25.719332 -2.358422
v -0.223477 24.594484 -2.358422
v 0.033883 25.663782 -2.358422
v -0.130012 25.663782 -2.358422
v -0.130012 24.831263 -2.360810
v 0.033883 24.831263 -2.360810
v 0.033883 25.348803 -2.852380
v 0.033883 25.663782 -2.825200
v 0.033883 25.622492 -2.851911
v -0.130013 25.663782 -2.825200
v -0.130012 25.348803 -2.852380
v -0.130013 25.622492 -2.851911
v 0.511602 1.397158 -0.700843
v -0.580918 1.397158 -0.700843
v 0.511602 1.540436 5.096188
v 0.412603 1.638040 5.179341
v -0.580917 1.540436 5.096188
v -0.481918 1.638040 5.179341
v 0.511601 4.556845 -0.700843
v -0.580918 4.556845 -0.700843
v 0.511601 4.728369 4.464787
v 0.298951 4.940075 4.453728
v -0.580918 4.728365 4.464787
v -0.465497 4.725607 4.580685
v 0.275832 4.781134 -0.694759
v 0.369991 4.725607 4.580685
v 0.182198 4.891123 4.546067
v -0.367396 4.781134 -0.694759
v -0.258654 4.891123 4.546067
v -0.377522 4.921360 4.444542
v 0.175805 5.129820 -0.694515
v 0.266581 5.045877 -0.694564
v 0.174652 5.298677 4.368760
v 0.161291 5.216833 4.471440
v 0.265413 5.214766 4.385823
v -0.258709 5.129820 -0.694515
v -0.349486 5.045877 -0.694564
v -0.350064 5.214766 4.385823
v -0.252777 5.216833 4.471440
v -0.259270 5.298677 4.368760
v 0.147068 0.818007 2.183121
v 0.147067 1.348255 2.183121
v -0.258555 0.818007 2.183121
v -0.258555 1.348255 2.183121
v 0.147068 0.818007 2.414749
v 0.100326 0.862278 2.477680
v 0.133379 0.830982 2.453056
v 0.147067 1.348255 2.551868
v 0.100326 1.303959 2.584888
v 0.133379 1.335279 2.581421
v -0.258555 0.818007 2.414749
v -0.211814 0.862278 2.477680
v -0.244867 0.830982 2.453056
v -0.258555 1.348255 2.551868
v -0.211814 1.303959 2.584888
v -0.244867 1.335279 2.581421
v 0.080466 -6.718943 2.542073
v 0.080466 -6.270245 2.267109
v -0.215305 -6.270245 2.267109
v -0.215305 -6.583961 2.752697
v 0.080466 -6.765997 2.258816
v 0.080466 -6.328820 2.020710
v -0.215305 -6.328820 2.020710
v -0.215305 -6.765997 2.258816
v -0.215305 -6.772989 2.621403
v 0.080466 -6.292207 2.430081
v -0.215305 -6.292207 2.430081
v -0.215305 -6.718943 2.542073
v 0.080466 -6.772989 2.621403
v 0.080466 -6.405445 2.569428
v -0.215305 -6.405445 2.569428
v 0.080466 -6.583961 2.752697
v -0.215305 -6.685579 2.924214
v -0.215305 -6.841860 2.960533
v 0.080467 -6.841859 2.960533
v 0.080467 -6.685579 2.924214
v -0.177653 -6.642663 3.199101
v -0.177653 -6.759152 3.226189
v 0.042815 -6.759152 3.226189
v 0.042815 -6.642663 3.199101
v -0.140129 -6.524252 3.392075
v -0.140129 -6.584627 3.442818
v 0.005291 -6.584627 3.442818
v 0.005291 -6.524252 3.392075
v -0.112777 -6.391485 3.499523
v -0.112777 -6.412490 3.544018
v -0.022061 -6.412490 3.544018
v -0.022061 -6.391485 3.499523
v 1.117945 7.168039 -0.998898
v 1.117945 7.229031 -1.146122
v 2.214010 7.229031 -1.146122
v 0.998972 7.229031 -1.146122
v 2.214010 7.168039 -0.998898
v 0.998972 7.168039 -0.998898
v 2.214010 7.020844 -0.937935
v 0.998971 7.020844 -0.937935
v 2.214010 6.873627 -0.998898
v 2.214010 6.812660 -1.146122
v 2.214010 6.873627 -1.293312
v 2.214010 7.020844 -1.354301
v 0.998972 7.020844 -1.354301
v 2.214010 7.168039 -1.293312
v 0.998972 7.168039 -1.293312
v 1.117944 7.020844 -0.937935
v 1.117944 6.873627 -0.998898
v 1.117944 6.812660 -1.146122
v 1.117944 6.873627 -1.293312
v 1.117945 7.020844 -1.354301
v 1.117945 7.168039 -1.293312
v 0.998972 2.298300 -0.945393
v 0.998973 2.291800 -1.354301
v 1.117945 2.298300 -0.939484
v 1.117946 2.291800 -1.354301
v -0.861651 1.684036 -1.551014
v -0.861652 4.380621 -1.551014
v -0.716760 1.684036 -1.801479
v -0.716761 4.380621 -1.801479
v -0.405273 1.684036 -2.011517
v -0.405273 4.380623 -2.011517
v -0.020986 1.684038 -2.086117
v -0.020987 4.380623 -2.086117
v -0.746366 4.380621 -1.551014
v -0.616920 4.380621 -1.743839
v -0.347630 4.380623 -1.911690
v -0.020987 4.380623 -1.970833
v -0.686587 7.545677 -0.771435
v -1.481394 7.545677 -0.771435
v -1.481394 7.545677 -0.771435
v -1.343712 7.548460 -1.247590
v -1.343712 7.548460 -1.247590
v -1.295945 10.524488 -1.245450
v 1.239450 10.524488 -1.245450
v 1.254979 7.548460 -1.247590
v 1.254979 7.548460 -1.247590
v 1.412490 7.545677 -0.771435
v 1.412490 7.545677 -0.771435
v -1.546734 -4.640684 -0.787342
v -1.544717 -5.923307 -0.799069
v -1.139294 17.264841 -1.223191
v -1.234188 14.121210 -1.234322
v 1.089594 17.264841 -1.223191
v 1.151353 14.121210 -1.234322
v 1.018558 19.701860 -1.207208
v 0.888010 20.094492 -1.184583
v -0.968785 20.094492 -1.184583
v -1.107717 19.701860 -1.207208
v -1.390701 -7.207900 -0.777370
v 0.978248 -25.352329 3.870568
v 0.949180 -25.516174 7.782037
v 0.682558 -25.516174 8.188603
v 1.046536 -25.170195 0.755932
v -1.018437 -25.516174 7.782037
v -1.047506 -25.352329 3.870568
v -1.115795 -25.170195 0.755932
v -0.830985 -25.170195 0.000462
v 1.466044 -4.638098 -0.784954
v 0.599297 7.545677 -0.771435
v -0.758324 -25.516174 8.188603
v 0.752485 -25.170195 0.000462
v 1.312648 -7.207752 -0.777225
v 1.466106 -5.923086 -0.798866
v -0.292673 1.375933 2.248691
v -0.292673 1.375933 2.248691
v 0.186842 1.376795 2.247730
v 0.186842 1.376795 2.247730
v 0.179911 0.788460 2.264621
v 0.179911 0.788460 2.264621
v -0.286891 0.787645 2.265552
v -0.286891 0.787645 2.265552
v -0.384070 4.883171 2.040405
v -0.587958 4.673435 2.040405
v -0.628651 1.407572 2.247638
v 0.523926 1.409616 2.245338
v 0.514090 4.655016 2.040405
v -0.291675 1.379280 2.295768
v -0.291675 1.379280 2.295768
v 0.187840 1.380140 2.294815
v 0.187840 1.380140 2.294815
v 0.180909 0.791782 2.311702
v 0.180909 0.791782 2.311702
v -0.285893 0.790968 2.312633
v -0.285893 0.790968 2.312633
v 0.290733 4.874012 2.040405
v 0.272984 5.172537 2.033195
v -0.355468 5.175467 2.032993
v -0.260787 5.252537 2.030685
v 0.174291 5.256994 2.030853
v 0.189832 -7.802368 2.637142
v 0.253310 -7.809190 2.167709
v 0.253310 -7.596720 2.167709
v 0.189832 -7.632814 2.637142
v -0.375407 -7.596720 2.167709
v -0.311929 -7.632814 2.637142
v -0.375407 -7.809190 2.167709
v -0.311929 -7.802368 2.637142
v -0.311929 -7.728869 3.358341
v 0.189832 -7.728869 3.358341
v -0.311929 -7.547844 3.301064
v 0.189832 -7.547844 3.301064
v -0.311929 -7.040812 3.853161
v 0.189832 -7.040812 3.853161
v -0.311929 -7.001095 3.688305
v 0.189832 -7.001095 3.688305
v -0.311930 -6.006828 3.855915
v 0.189831 -6.006828 3.855915
v -0.311930 -6.023769 3.687199
v 0.189831 -6.023769 3.687199
v -0.311930 -5.118366 3.652630
v 0.189831 -5.118366 3.652630
v -0.311930 -5.200853 3.504475
v 0.189831 -5.200853 3.504475
v -0.311930 -4.951769 3.457619
v 0.189831 -4.951769 3.457619
v -0.311930 -5.113983 3.408199
v 0.189831 -5.113983 3.408199
v -0.311930 -4.936798 2.511047
v 0.189831 -4.936796 2.511047
v -0.311930 -5.103495 2.480049
v 0.189831 -5.103493 2.480049
v -0.311930 -4.911093 2.463306
v 0.189831 -4.911093 2.463306
v -0.311930 -5.027163 2.339672
v 0.189831 -5.027163 2.339672
v -0.311930 -4.836805 2.399380
v 0.189831 -4.836803 2.399380
v -0.311930 -4.893387 2.239532
v 0.189831 -4.893387 2.239532
v 0.189831 -4.163496 2.214146
v 0.189831 -4.163496 2.214146
v 0.189831 -4.174183 2.383377
v 0.189831 -4.174183 2.383377
v -0.311930 -4.163496 2.214146
v -0.311930 -4.163496 2.214146
v -0.311930 -4.174183 2.383377
v -0.311930 -4.174183 2.383377
v -0.034664 26.947588 -1.905118
v 0.255655 26.947588 -1.847379
v 0.255659 7.539522 -1.847355
v -0.034660 7.539522 -1.905118
v 0.501775 26.947588 -1.682920
v 0.501780 7.539522 -1.682919
v 0.666227 26.947588 -1.436792
v 0.666232 7.539522 -1.436791
v 0.723976 26.947588 -1.146466
v 0.723980 7.539522 -1.146466
v 0.666227 26.947588 -0.856164
v 0.501775 26.947588 -0.610036
v 0.255655 26.947588 -0.445577
v -0.034664 26.947588 -0.387841
v -0.324983 26.947588 -0.445577
v -0.571103 26.947588 -0.610036
v -0.735556 26.947588 -0.856164
v -0.793304 26.947588 -1.146466
v -0.793299 7.539522 -1.146466
v -0.735556 26.947588 -1.436792
v -0.735551 7.539522 -1.436791
v -0.571103 26.947588 -1.682920
v -0.571099 7.539522 -1.682919
v -0.324983 26.947588 -1.847379
v -0.324978 7.539522 -1.847355
v 0.359422 7.508892 -2.097863
v -0.034660 7.508892 -2.176259
v 0.693507 7.508892 -1.874630
v 0.916736 7.508892 -1.540555
v 0.995124 7.508892 -1.146466
v -0.986055 7.508892 -1.540555
v -1.064443 7.508892 -1.146466
v -0.762826 7.508892 -1.874630
v -0.428740 7.508892 -2.097863
v 0.359425 -7.403036 -2.097862
v -0.034656 -7.403036 -2.176258
v 0.693511 -7.403036 -1.874630
v 0.916740 -7.403036 -1.540554
v 0.995128 -7.403036 -1.146465
v 0.988663 -7.403036 -0.529396
v -1.076860 -7.403036 -0.516220
v -1.064439 -7.403036 -1.146465
v -0.986051 -7.403036 -1.540554
v -0.762822 -7.403036 -1.874630
v -0.428736 -7.403036 -2.097862
v -0.034664 26.947588 -1.558873
v 0.123157 26.947588 -1.527478
v 0.256950 26.947588 -1.438100
v 0.346349 26.947588 -1.304296
v 0.377741 26.947588 -1.146466
v 0.346349 26.947588 -0.988660
v 0.256950 26.947588 -0.854859
v 0.123157 26.947588 -0.765451
v -0.034664 26.947588 -0.734059
v -0.192485 26.947588 -0.765451
v -0.326279 26.947588 -0.854859
v -0.415677 26.947588 -0.988660
v -0.447070 26.947588 -1.146466
v -0.415677 26.947588 -1.304296
v -0.326279 26.947588 -1.438100
v -0.192485 26.947588 -1.527478
v 0.258051 -7.403036 -1.853138
v -0.034656 -7.403036 -1.911346
v 0.506196 -7.403036 -1.687325
v 0.672002 -7.403036 -1.439182
v 0.730225 -7.403036 -1.146465
v 0.730223 -7.403036 -0.853779
v 0.751592 -7.403036 -0.605625
v -0.811186 -7.403036 -0.853779
v -0.799165 -7.403036 -0.605625
v -0.799537 -7.403036 -1.146465
v -0.741313 -7.403036 -1.439182
v -0.575508 -7.403036 -1.687325
v -0.327363 -7.403036 -1.853138
v 0.258051 -7.648451 -1.853138
v -0.034656 -7.648451 -1.911346
v 0.506196 -7.648451 -1.687325
v 0.672002 -7.648451 -1.439182
v 0.730225 -7.648451 -1.146465
v 0.730223 -7.648451 -0.853779
v 0.751592 -7.648451 -0.605625
v -0.799164 -7.648451 -0.605625
v -0.811186 -7.648451 -0.853779
v -0.799537 -7.648451 -1.146465
v -0.741313 -7.648451 -1.439182
v -0.575508 -7.648451 -1.687325
v -0.327363 -7.648451 -1.853138
v -0.034658 1.724937 -2.176258
v -0.034658 1.724937 -2.176258
v -0.034659 4.339750 -2.176259
v -0.034659 4.339750 -2.176259
v -0.937718 4.339750 -1.581456
v -0.937718 4.339750 -1.581456
v -0.937718 1.724935 -1.581455
v -0.937718 1.724935 -1.581455
v -0.428739 4.339750 -2.097863
v -0.428739 1.724937 -2.097862
v -0.762825 4.339750 -1.874630
v -0.762824 1.724935 -1.874630
v -0.048004 1.745149 -1.585243
v -0.048004 1.745149 -1.585243
v -0.048005 4.319557 -1.585217
v -0.048005 4.319557 -1.585217
v -0.414237 4.319557 -1.590512
v -0.414236 1.745149 -1.590512
v -0.598365 4.319557 -1.592850
v -0.767949 4.319557 -1.585980
v -0.598364 1.745149 -1.592850
v -0.767948 1.745149 -1.585980
v -1.327291 0.898374 -0.716725
v -1.327291 0.898374 -1.684254
v -1.327291 0.898374 -1.684254
v -1.244124 0.898842 -1.581600
v -1.244124 0.898842 -1.581600
v -1.244126 7.546270 -1.581601
v -1.244126 7.546270 -1.581601
v -1.244126 7.546270 -0.716725
v -0.784774 7.546270 -1.581601
v -1.327290 -2.042269 -1.684254
v 0.715455 7.546270 -1.581601
v -0.808878 -2.042269 -2.245476
v -0.808879 0.898374 -2.245476
v -0.808879 0.898374 -2.245476
v -1.327289 -3.718046 -0.716725
v -1.327289 -3.718045 -1.684254
v -1.327289 -3.718045 -1.684254
v -0.514832 0.898374 -2.245476
v 1.174807 7.546270 -0.716725
v 1.174807 7.546270 -1.581601
v 1.174807 7.546270 -1.581601
v -0.808877 -3.718045 -2.245476
v -0.808877 -3.718045 -2.245476
v 0.445516 0.898376 -2.245476
v 1.174809 0.898843 -1.581600
v 1.174809 0.898843 -1.581600
v -0.619751 -0.842699 -2.239937
v -0.619751 -0.842699 -2.239937
v -0.708584 -0.842699 -2.239937
v -0.708584 -0.842699 -2.239937
v -0.708584 -2.041310 -2.919033
v -0.708584 -2.041310 -2.919033
v -0.619751 -2.041310 -2.919033
v -0.619751 -2.041310 -2.919033
v 1.257975 0.898374 -0.716725
v 1.257975 0.898376 -1.684254
v 1.257975 0.898376 -1.684254
v 1.257976 -2.042269 -1.684254
v 1.257976 -3.718045 -0.716725
v 0.571227 -3.718045 -2.245476
v -0.640541 -3.718045 -2.245476
v -0.619751 -3.486811 -2.245476
v -0.619751 -3.486811 -2.245476
v -0.708583 -3.486811 -2.245476
v -0.708583 -3.486811 -2.245476
v -0.708584 -2.040892 -2.242478
v -0.708583 -3.434267 -2.732884
v -0.708583 -3.290743 -2.875401
v 1.257976 -3.718045 -1.684254
v 1.257976 -3.718045 -1.684254
v 0.739563 0.898376 -2.245476
v 0.739563 0.898376 -2.245476
v 0.739564 -2.042269 -2.245476
v 0.550436 -0.842699 -2.239937
v 0.550436 -0.842699 -2.239937
v 0.639269 -0.842699 -2.239937
v 0.639269 -0.842699 -2.239937
v -0.619751 -3.094696 -2.926544
v -0.619751 -3.290743 -2.875401
v -0.619751 -3.434267 -2.732884
v -0.619751 -3.486811 -2.537209
v -0.708583 -3.094696 -2.926544
v 0.739564 -3.718045 -2.245476
v 0.739564 -3.718045 -2.245476
v -0.708583 -3.486811 -2.537209
v 0.550436 -2.041310 -2.919033
v 0.550436 -2.041310 -2.919033
v 0.639270 -3.486811 -2.245476
v 0.639270 -3.486811 -2.245476
v 0.550437 -3.486811 -2.245476
v 0.550437 -3.486811 -2.245476
v 0.639269 -2.040892 -2.242478
v 0.639269 -2.041310 -2.919033
v 0.639269 -2.041310 -2.919033
v 0.550437 -3.094694 -2.926544
v 0.639269 -3.094694 -2.926544
v 0.639269 -3.486811 -2.537209
v 0.550437 -3.486811 -2.537209
v 0.550437 -3.434267 -2.732884
v 0.639269 -3.434267 -2.732884
v 0.550437 -3.290741 -2.875401
v 0.639269 -3.290741 -2.875401
v -1.244124 0.898842 -0.716725
v 1.174809 0.898844 -0.716725
v 0.715456 0.898843 -1.581600
v -0.784772 0.898842 -1.581600
v -0.620495 -3.113484 -2.244812
v -0.620495 -3.113484 -2.244812
v 0.550695 -3.113484 -2.244812
v 0.550695 -3.113484 -2.244812
v 0.550695 -2.183087 -2.240597
v 0.550695 -2.183087 -2.240597
v -0.620496 -2.183087 -2.240597
v -0.620496 -2.183087 -2.240597
v -0.620495 -3.112694 -2.462429
v -0.620495 -3.112694 -2.462429
v 0.549021 -3.112694 -2.462429
v 0.549021 -3.112694 -2.462429
v 0.549021 -2.182301 -2.458218
v 0.549021 -2.182301 -2.458218
v -0.620496 -2.182301 -2.458218
v -0.620496 -2.182301 -2.458218
v -0.620495 -2.835442 -2.460507
v -0.620495 -2.835442 -2.460507
v 0.549021 -2.999653 -2.461910
v 0.549021 -2.999653 -2.461910
v -0.620495 -2.999653 -2.461910
v -0.620495 -2.999653 -2.461910
v 0.549021 -2.835442 -2.460507
v 0.549021 -2.835442 -2.460507
v 0.229224 -2.999653 -2.461910
v 0.229224 -2.999653 -2.461910
v 0.229223 -2.835442 -2.460507
v 0.229223 -2.835442 -2.460507
v -0.619820 -2.991848 -2.669850
v -0.619820 -2.991848 -2.669850
v -0.619820 -2.840170 -2.668549
v -0.619820 -2.840170 -2.668549
v 0.550867 -2.840170 -2.668549
v 0.550867 -2.840170 -2.668549
v 0.550867 -2.991846 -2.669850
v 0.550867 -2.991846 -2.669850
v 0.258830 -2.991846 -2.669850
v 0.258830 -2.991846 -2.669850
v 0.258830 -2.840170 -2.668549
v 0.258830 -2.840170 -2.668549
v -0.298538 -2.999653 -2.461910
v -0.298538 -2.999653 -2.461910
v -0.328144 -2.840170 -2.668549
v -0.328144 -2.840170 -2.668549
v -0.298538 -2.835442 -2.460507
v -0.298538 -2.835442 -2.460507
v -0.328144 -2.991848 -2.669850
v -0.328144 -2.991848 -2.669850
v 0.126652 -2.896162 -2.460804
v 0.126652 -2.896162 -2.460804
v 0.126652 -2.938318 -2.461617
v 0.126652 -2.938318 -2.461617
v -0.195967 -2.938318 -2.461617
v -0.195967 -2.938318 -2.461617
v -0.195967 -2.896162 -2.460804
v -0.195967 -2.896162 -2.460804
v 0.126652 -2.895695 -2.686913
v 0.126652 -2.937847 -2.687729
v 0.126652 -2.937847 -2.687729
v -0.195967 -2.937847 -2.687729
v -0.195967 -2.937847 -2.687729
v -0.195967 -2.895695 -2.686913
v 1.174807 7.227455 -1.337292
v 1.174807 7.227455 -1.337292
v 1.174807 7.227455 -0.961010
v 1.174807 7.227455 -0.961010
v 1.174808 2.379164 -1.337292
v 1.174808 2.379164 -1.337292
v 1.174808 2.379164 -0.961010
v 1.174808 2.379164 -0.961010
v 1.028953 7.227455 -1.337292
v 1.028953 7.227455 -1.337292
v 1.028953 7.227455 -0.961010
v 1.028953 7.227455 -0.961010
v 1.028954 2.379164 -1.337292
v 1.028954 2.379164 -1.337292
v 1.028954 2.379164 -0.961010
v 1.028954 2.379164 -0.961010
v -0.922678 -2.925289 -2.723622
v -0.922677 -3.036610 -2.693810
v -0.922678 -2.813971 -2.693810
v -0.922678 -2.732470 -2.612332
v -0.922678 -2.702652 -2.501011
v -0.922677 -3.118088 -2.612332
v -0.922677 -3.147930 -2.501011
v -0.922677 -3.118088 -2.389694
v -0.922678 -3.036610 -2.308197
v -0.922678 -2.925289 -2.278370
v -0.922678 -2.813971 -2.308197
v -0.922678 -2.732470 -2.389694
v 0.849621 -2.707848 -2.507317
v 0.849621 -2.737665 -2.395996
v 0.849621 -2.819166 -2.314492
v 0.849621 -2.930485 -2.284676
v 0.849621 -3.041783 -2.314492
v 0.849621 -3.123284 -2.395996
v 0.849621 -3.153101 -2.507317
v 0.849621 -3.123284 -2.618634
v 0.849621 -3.041783 -2.700115
v 0.849621 -2.930485 -2.729927
v 0.849621 -2.819166 -2.700115
v 0.849621 -2.737665 -2.618634
v -0.040415 -2.970572 -2.599453
v -0.166470 -2.970572 -2.633232
v -0.166470 -2.865828 -2.633232
v -0.040415 -2.865828 -2.599453
v -0.258748 -2.970572 -2.725521
v -0.258748 -2.865828 -2.725521
v -0.292524 -2.970572 -2.851567
v -0.292524 -2.865828 -2.851567
v -0.258748 -2.970572 -2.977635
v -0.258748 -2.865828 -2.977635
v -0.166470 -2.970572 -3.069897
v -0.166470 -2.865828 -3.069897
v -0.040415 -2.970572 -3.103680
v -0.040415 -2.865828 -3.103680
v 0.085639 -2.970572 -3.069897
v 0.085639 -2.865828 -3.069897
v 0.177917 -2.970572 -2.977635
v 0.177917 -2.865828 -2.977635
v 0.211693 -2.970572 -2.851567
v 0.211693 -2.865826 -2.851567
v 0.177917 -2.970572 -2.725521
v 0.177917 -2.865828 -2.725521
v 0.085639 -2.970572 -2.633232
v 0.085639 -2.865828 -2.633232
v -0.040415 -2.942257 -2.735790
v -0.098303 -2.942257 -2.751305
v -0.098303 -2.894142 -2.751305
v -0.040415 -2.894142 -2.735790
v -0.140680 -2.942257 -2.793679
v -0.140680 -2.894142 -2.793679
v -0.156191 -2.942257 -2.851567
v -0.156191 -2.894142 -2.851567
v -0.140680 -2.942257 -2.909455
v -0.140680 -2.894142 -2.909455
v -0.098303 -2.942255 -2.951832
v -0.098303 -2.894142 -2.951832
v -0.040415 -2.942257 -2.967346
v -0.040415 -2.894142 -2.967346
v 0.017472 -2.942255 -2.951832
v 0.017472 -2.894142 -2.951832
v 0.059849 -2.942257 -2.909455
v 0.059849 -2.894142 -2.909455
v 0.075360 -2.942255 -2.851567
v 0.075360 -2.894142 -2.851567
v 0.059849 -2.942257 -2.793679
v 0.059849 -2.894142 -2.793679
v 0.017472 -2.942257 -2.751305
v 0.017472 -2.894142 -2.751305
v 0.288079 23.609926 -1.771539
v 0.288079 23.609926 -2.005082
v 0.288079 23.609926 -2.005082
v 0.288079 25.845469 -2.005082
v 0.288079 25.845469 -2.005082
v 0.288079 25.845469 -1.771539
v -0.384208 25.845469 -2.005082
v -0.384208 25.845469 -2.005082
v -0.384208 25.845469 -1.771539
v -0.384208 23.609926 -2.005082
v -0.384208 23.609926 -2.005082
v -0.384208 23.609926 -1.771539
v 0.190588 23.934107 -2.005082
v 0.190588 23.934107 -2.005082
v 0.190588 25.736372 -2.005082
v 0.190588 25.736372 -2.005082
v -0.286718 25.736368 -2.005082
v -0.286718 25.736368 -2.005082
v -0.286717 23.934107 -2.005082
v -0.286717 23.934107 -2.005082
v 0.127348 24.594484 -2.358422
v 0.127348 24.594484 -2.358422
v 0.127347 25.719332 -2.358422
v 0.127347 25.719332 -2.358422
v -0.223477 25.719332 -2.358422
v -0.223477 25.719332 -2.358422
v -0.223477 24.594484 -2.358422
v -0.223477 24.594484 -2.358422
v 0.033883 25.663782 -2.358422
v 0.033883 25.663782 -2.358422
v -0.130012 25.663782 -2.358422
v -0.130012 25.663782 -2.358422
v -0.130012 24.831263 -2.360810
v -0.130012 24.831263 -2.360810
v 0.033883 24.831263 -2.360810
v 0.033883 24.831263 -2.360810
v 0.033883 25.622492 -2.851911
v 0.033883 25.348803 -2.852380
v 0.033883 25.348803 -2.852380
v -0.130012 25.348803 -2.852380
v -0.130012 25.348803 -2.852380
v -0.130013 25.622492 -2.851911
v 0.033883 25.663782 -2.825200
v -0.130013 25.663782 -2.825200
v -0.580918 1.397158 -0.700843
v -0.580918 1.397158 -0.700843
v 0.511602 1.397158 -0.700843
v 0.511602 1.397158 -0.700843
v 0.412603 1.638040 5.179341
v 0.412603 1.638040 5.179341
v 0.511602 1.540436 5.096188
v 0.511602 1.540436 5.096188
v 0.511602 1.540436 5.096188
v -0.580917 1.540436 5.096188
v -0.580917 1.540436 5.096188
v -0.580917 1.540436 5.096188
v -0.481918 1.638040 5.179341
v -0.481918 1.638040 5.179341
v 0.175805 5.129820 -0.694515
v 0.175805 5.129820 -0.694515
v 0.266581 5.045877 -0.694564
v 0.266581 5.045877 -0.694564
v -0.349486 5.045877 -0.694564
v -0.349486 5.045877 -0.694564
v -0.258709 5.129820 -0.694515
v -0.258709 5.129820 -0.694515
v 0.275832 4.781134 -0.694759
v 0.275832 4.781134 -0.694759
v -0.367396 4.781134 -0.694759
v -0.367396 4.781134 -0.694759
v -0.580918 4.556845 -0.700843
v -0.580918 4.556845 -0.700843
v 0.511601 4.728369 4.464787
v 0.511601 4.556845 -0.700843
v 0.511601 4.556845 -0.700843
v -0.580918 4.728365 4.464787
v 0.147068 0.818007 2.183121
v 0.147067 1.348255 2.183121
v -0.258555 1.348255 2.183121
v -0.258555 0.818007 2.183121
v 0.080466 -6.718943 2.542073
v 0.080466 -6.765997 2.258816
v 0.080466 -6.328820 2.020710
v 0.080466 -6.270245 2.267109
v -0.215305 -6.328820 2.020710
v -0.215305 -6.270245 2.267109
v -0.215305 -6.765997 2.258816
v -0.215305 -6.718943 2.542073
v -0.215305 -6.772989 2.621403
v -0.215305 -6.583961 2.752697
v -0.215305 -6.405445 2.569428
v 0.080466 -6.405445 2.569428
v 0.080466 -6.583961 2.752697
v -0.215305 -6.292207 2.430081
v 0.080466 -6.292207 2.430081
v 0.080466 -6.772989 2.621403
v 0.080467 -6.685579 2.924214
v -0.215305 -6.685579 2.924214
v 0.080467 -6.841859 2.960533
v -0.215305 -6.841860 2.960533
v 0.042815 -6.642663 3.199101
v -0.177653 -6.642663 3.199101
v -0.177653 -6.759152 3.226189
v 0.042815 -6.759152 3.226189
v 0.005291 -6.524252 3.392075
v -0.140129 -6.524252 3.392075
v -0.140129 -6.584627 3.442818
v 0.005291 -6.584627 3.442818
v 1.117945 7.229031 -1.146122
v 1.117945 7.168039 -0.998898
v 1.117944 7.020844 -0.937935
v 1.117944 7.020844 -0.937935
v 2.214010 7.229031 -1.146122
v 2.214010 7.168039 -0.998898
v 1.117944 6.873627 -0.998898
v 2.214010 7.020844 -0.937935
v 1.117944 6.812660 -1.146122
v 2.214010 6.873627 -0.998898
v 0.998973 2.291800 -1.354301
v 1.117944 6.873627 -1.293312
v 2.214010 6.812660 -1.146122
v 1.117945 7.020844 -1.354301
v 1.117945 7.020844 -1.354301
v 2.214010 6.873627 -1.293312
v 1.117945 7.168039 -1.293312
v 2.214010 7.020844 -1.354301
v 2.214010 7.168039 -1.293312
v 1.117946 2.291800 -1.354301
v 1.117946 2.291800 -1.354301
v 0.998972 2.298300 -0.945393
v 1.117945 2.298300 -0.939484
v 1.117945 2.298300 -0.939484
v -0.861652 4.380621 -1.551014
v -0.716761 4.380621 -1.801479
v -0.405273 4.380623 -2.011517
v -0.020987 4.380623 -2.086117
vt 0.4607 0.0956
vt 0.7121 0.1437
vt 0.7105 0.1514
vt 0.4591 0.1030
vt 0.9126 0.1797
vt 0.9133 0.1737
vt 0.9634 0.1766
vt 0.9638 0.1822
vt 0.3901 0.3218
vt 0.3735 0.3202
vt 0.3728 0.3149
vt 0.3889 0.3160
vt 0.4533 0.2931
vt 0.7059 0.2494
vt 0.7072 0.2566
vt 0.4551 0.3029
vt 0.9113 0.2403
vt 0.9105 0.2360
vt 0.9606 0.2335
vt 0.9608 0.2387
vt 0.7824 0.1124
vt 0.7219 0.0978
vt 0.7242 0.0876
vt 0.7850 0.1011
vt 0.9874 0.1627
vt 0.9813 0.1601
vt 0.9844 0.1508
vt 0.9883 0.1520
vt 0.9167 0.2665
vt 0.9649 0.2547
vt 0.9691 0.2655
vt 0.9194 0.2780
vt 0.2628 0.7464
vt 0.2626 0.7370
vt 0.3550 0.7335
vt 0.3563 0.7491
vt 0.8075 0.6696
vt 0.8075 0.6510
vt 0.8187 0.6542
vt 0.8187 0.6632
vt 0.4464 0.0385
vt 0.4730 0.0439
vt 0.4717 0.0535
vt 0.4450 0.0481
vt 0.4039 0.3038
vt 0.4283 0.2973
vt 0.4309 0.3083
vt 0.4062 0.3121
vt 0.7088 0.2643
vt 0.4567 0.3104
vt 0.4326 0.3179
vt 0.4131 0.0845
vt 0.4366 0.0879
vt 0.4348 0.0974
vt 0.4102 0.0935
vt 0.7181 0.3103
vt 0.7789 0.2962
vt 0.7814 0.3076
vt 0.7204 0.3204
vt 0.8525 0.2805
vt 0.8550 0.2918
vt 0.0144 0.7428
vt 0.0144 0.7335
vt 0.0870 0.7346
vt 0.0870 0.7437
vt 0.1766 0.7359
vt 0.1766 0.7451
vt 0.7199 0.1084
vt 0.7803 0.1218
vt 0.8558 0.1288
vt 0.8541 0.1363
vt 0.9198 0.1432
vt 0.9185 0.1489
vt 0.8584 0.1174
vt 0.9226 0.1319
vt 0.7692 0.2493
vt 0.7703 0.2548
vt 0.8446 0.2417
vt 0.8456 0.2466
vt 0.7091 0.1589
vt 0.7724 0.1592
vt 0.7709 0.1673
vt 0.8476 0.1674
vt 0.8464 0.1745
vt 0.9678 0.1555
vt 0.9722 0.1447
vt 0.3830 0.7545
vt 0.3830 0.7349
vt 0.4003 0.7399
vt 0.4009 0.7581
vt 0.7122 0.2827
vt 0.4628 0.3313
vt 0.9732 0.1786
vt 0.9712 0.1746
vt 0.9754 0.1720
vt 0.9786 0.1751
vt 0.9771 0.1706
vt 0.9809 0.1737
vt 0.9807 0.1486
vt 0.9754 0.1581
vt 0.9845 0.2476
vt 0.9785 0.2502
vt 0.9743 0.2397
vt 0.9781 0.2366
vt 0.9726 0.2522
vt 0.9777 0.2617
vt 0.3830 0.7921
vt 0.3827 0.8101
vt 0.3526 0.8115
vt 0.3536 0.7967
vt 0.9711 0.1698
vt 0.9636 0.1714
vt 0.9713 0.2493
vt 0.9637 0.2510
vt 0.9704 0.2317
vt 0.9685 0.2356
vt 0.9611 0.2282
vt 0.9666 0.1592
vt 0.2669 0.3082
vt 0.2982 0.3420
vt 0.2812 0.3398
vt 0.2576 0.3150
vt 0.2754 0.3012
vt 0.2495 0.2873
vt 0.2582 0.2801
vt 0.2840 0.1452
vt 0.2872 0.1408
vt 0.2933 0.1446
vt 0.2929 0.1529
vt 0.3773 0.0851
vt 0.3766 0.0904
vt 0.3610 0.0935
vt 0.3610 0.0877
vt 0.3359 0.1053
vt 0.3348 0.0969
vt 0.3177 0.1166
vt 0.3160 0.1089
vt 0.3016 0.1316
vt 0.2982 0.1264
vt 0.3727 0.3577
vt 0.3725 0.3691
vt 0.3509 0.3564
vt 0.3515 0.3456
vt 0.3212 0.3447
vt 0.3238 0.3349
vt 0.3031 0.3246
vt 0.3755 0.0308
vt 0.3769 0.0361
vt 0.3551 0.0485
vt 0.3537 0.0431
vt 0.3251 0.0598
vt 0.3249 0.0548
vt 0.3023 0.0632
vt 0.3025 0.0587
vt 0.2856 0.0645
vt 0.2888 0.0575
vt 0.3721 0.3077
vt 0.3573 0.3117
vt 0.3568 0.3041
vt 0.3325 0.2996
vt 0.3320 0.2911
vt 0.3145 0.2881
vt 0.3167 0.2788
vt 0.2987 0.2728
vt 0.3030 0.2654
vt 0.3940 0.0837
vt 0.3928 0.0895
vt 0.3876 0.3090
vt 0.4020 0.0310
vt 0.4020 0.0347
vt 0.4091 0.3212
vt 0.2451 0.3549
vt 0.2355 0.3320
vt 0.2496 0.0487
vt 0.2511 0.0311
vt 0.2392 0.2936
vt 0.2703 0.0957
vt 0.2613 0.0888
vt 0.2485 0.2812
vt 0.2381 0.2822
vt 0.2527 0.1164
vt 0.2424 0.1099
vt 0.2630 0.2046
vt 0.2628 0.1835
vt 0.2722 0.1861
vt 0.2724 0.2018
vt 0.1221 0.3239
vt 0.1298 0.3670
vt 0.0209 0.3740
vt 0.0126 0.3088
vt 0.1362 0.0163
vt 0.1345 0.0342
vt 0.0257 0.0250
vt 0.0273 0.0079
vt 0.2206 0.2926
vt 0.2395 0.0713
vt 0.2196 0.2792
vt 0.2238 0.1104
vt 0.1467 0.5205
vt 0.1468 0.5810
vt 0.1374 0.5851
vt 0.1378 0.5223
vt 0.0139 0.5987
vt 0.0155 0.5823
vt 0.0249 0.5863
vt 0.0226 0.5997
vt 0.1141 0.2670
vt 0.0035 0.2267
vt 0.1259 0.0771
vt 0.0161 0.0900
vt 0.1133 0.2478
vt 0.0035 0.2165
vt 0.1168 0.1338
vt 0.0054 0.1719
vt 0.1181 0.5896
vt 0.1129 0.5894
vt 0.1114 0.5217
vt 0.1169 0.5227
vt 0.0406 0.5931
vt 0.0467 0.5965
vt 0.0409 0.5993
vt 0.1459 0.4466
vt 0.1363 0.4381
vt 0.0155 0.5216
vt 0.0244 0.5235
vt 0.1485 0.4370
vt 0.1379 0.4339
vt 0.0165 0.4478
vt 0.0261 0.4395
vt 0.0512 0.5229
vt 0.0455 0.5238
vt 0.0437 0.4403
vt 0.0490 0.4360
vt 0.1185 0.4389
vt 0.1133 0.4348
vt 0.1844 0.1145
vt 0.1950 0.0747
vt 0.1813 0.2877
vt 0.1803 0.2707
vt 0.2003 0.0398
vt 0.1910 0.3277
vt 0.2002 0.0235
vt 0.1956 0.3628
vt 0.2514 0.1225
vt 0.2613 0.1237
vt 0.2585 0.1276
vt 0.4152 0.3716
vt 0.3975 0.3708
vt 0.3965 0.3600
vt 0.4149 0.3625
vt 0.4129 0.3420
vt 0.3934 0.3440
vt 0.4420 0.3674
vt 0.4407 0.3578
vt 0.4367 0.3370
vt 0.5217 0.6493
vt 0.8075 0.6510
vt 0.8075 0.6696
vt 0.4009 0.0455
vt 0.4193 0.0432
vt 0.4171 0.0637
vt 0.3976 0.0615
vt 0.3770 0.0475
vt 0.3127 0.2958
vt 0.2951 0.2781
vt 0.3312 0.3080
vt 0.3572 0.3174
vt 0.3737 0.3444
vt 0.3549 0.3366
vt 0.3068 0.0800
vt 0.2788 0.1030
vt 0.3276 0.0698
vt 0.3556 0.0594
vt 0.2868 0.1123
vt 0.2697 0.1293
vt 0.2906 0.2598
vt 0.2926 0.2523
vt 0.9142 0.1695
vt 0.9683 0.2404
vt 0.9742 0.1609
vt 0.9723 0.1654
vt 0.9648 0.1650
vt 0.8509 0.2729
vt 0.9154 0.2608
vt 0.8482 0.2604
vt 0.9133 0.2513
vt 0.7769 0.2868
vt 0.7737 0.2714
vt 0.7163 0.2997
vt 0.8486 0.1625
vt 0.8514 0.1488
vt 0.9163 0.1584
vt 0.7735 0.1537
vt 0.7770 0.1372
vt 0.7156 0.1253
vt 0.4670 0.0747
vt 0.4409 0.0689
vt 0.4686 0.3623
vt 0.4673 0.3527
vt 0.9695 0.2448
vt 0.9619 0.2451
vt 0.9727 0.2383
vt 0.4197 0.0340
vt 0.2556 0.2763
vt 0.2652 0.2702
vt 0.2668 0.2746
vt 0.2371 0.2063
vt 0.2369 0.1824
vt 0.2464 0.1823
vt 0.2466 0.2062
vt 0.2299 0.2063
vt 0.2296 0.1825
vt 0.1952 0.3790
vt 0.1312 0.3849
vt 0.2105 0.6738
vt 0.2105 0.6953
vt 0.1393 0.7021
vt 0.1393 0.6669
vt 0.2462 0.3724
vt 0.2674 0.6756
vt 0.2674 0.6935
vt 0.1831 0.1316
vt 0.1155 0.1531
vt 0.1722 0.1857
vt 0.1724 0.2044
vt 0.1134 0.2077
vt 0.1132 0.1837
vt 0.2226 0.1239
vt 0.2056 0.1854
vt 0.2058 0.2040
vt 0.0245 0.4350
vt 0.0622 0.4094
vt 0.1012 0.4094
vt 0.1012 0.4347
vt 0.0622 0.4347
vt 0.1032 0.6187
vt 0.0603 0.6187
vt 0.0603 0.6012
vt 0.1032 0.6012
vt 0.1397 0.5983
vt 0.1215 0.5979
vt 0.1217 0.5920
vt 0.1018 0.5226
vt 0.0616 0.5226
vt 0.0139 0.4379
vt 0.0680 0.4005
vt 0.0952 0.4005
vt 0.0441 0.5907
vt 0.0496 0.5907
vt 0.1031 0.5893
vt 0.0604 0.5893
vt 0.0052 0.1822
vt 0.0183 0.2094
vt 0.0180 0.1841
vt 0.1485 0.5971
vt 0.0965 0.6237
vt 0.0667 0.6237
vt 0.2411 0.1213
vt 0.2209 0.1826
vt 0.2212 0.2064
vt 0.0221 0.3910
vt 0.0176 0.7030
vt 0.0176 0.6659
vt 0.2952 0.1523
vt 0.2879 0.1837
vt 0.2881 0.2040
vt 0.2744 0.2018
vt 0.2742 0.1861
vt 0.2843 0.3467
vt 0.3181 0.6738
vt 0.3181 0.6957
vt 0.3976 0.3744
vt 0.3711 0.3743
vt 0.4180 0.6745
vt 0.4441 0.6623
vt 0.4441 0.7069
vt 0.4180 0.6947
vt 0.4077 0.1021
vt 0.3914 0.0967
vt 0.3687 0.1788
vt 0.3829 0.1784
vt 0.3832 0.2072
vt 0.3690 0.2071
vt 0.3758 0.0978
vt 0.3559 0.1791
vt 0.3562 0.2070
vt 0.3199 0.1261
vt 0.3060 0.1394
vt 0.3039 0.1818
vt 0.3042 0.2054
vt 0.3355 0.1140
vt 0.3202 0.1806
vt 0.3205 0.2063
vt 0.3605 0.1013
vt 0.3430 0.1795
vt 0.3433 0.2069
vt 0.2983 0.3464
vt 0.3330 0.6759
vt 0.3330 0.6948
vt 0.3209 0.3496
vt 0.3570 0.6753
vt 0.3570 0.6939
vt 0.3494 0.3617
vt 0.3906 0.6747
vt 0.3906 0.6945
vt 0.9637 0.1899
vt 0.9629 0.2181
vt 0.9526 0.2170
vt 0.9534 0.1904
vt 0.9863 0.1920
vt 0.9856 0.2173
vt 0.9719 0.2170
vt 0.9727 0.1915
vt 0.9814 0.2596
vt 0.9758 0.2352
vt 0.9692 0.2179
vt 0.9701 0.1904
vt 0.4006 0.7871
vt 0.3999 0.8047
vt 0.8435 0.2349
vt 0.9098 0.2303
vt 0.8218 0.2159
vt 0.8228 0.1838
vt 0.8962 0.1869
vt 0.8952 0.2172
vt 0.7678 0.2415
vt 0.7380 0.2147
vt 0.7390 0.1801
vt 0.6691 0.2128
vt 0.6701 0.1778
vt 0.1741 0.8087
vt 0.1742 0.7996
vt 0.2596 0.7987
vt 0.2594 0.8090
vt 0.0858 0.8106
vt 0.0858 0.8000
vt 0.0143 0.8106
vt 0.0144 0.8006
vt 0.4570 0.1133
vt 0.4321 0.1088
vt 0.4043 0.1779
vt 0.4255 0.1772
vt 0.4258 0.2078
vt 0.4046 0.2074
vt 0.4916 0.6493
vt 0.5217 0.7200
vt 0.4916 0.7200
vt 0.4615 0.6529
vt 0.4614 0.7163
vt 0.8075 0.7189
vt 0.8075 0.6998
vt 0.8186 0.7054
vt 0.8186 0.7152
vt 0.9854 0.2583
vt 0.2844 0.2635
vt 0.2680 0.1338
vt 0.3778 0.0608
vt 0.3070 0.3133
vt 0.2836 0.2920
vt 0.3279 0.3238
vt 0.3106 0.0913
vt 0.3317 0.0810
vt 0.3589 0.0685
vt 0.2813 0.2591
vt 0.0143 0.7878
vt 0.4020 0.7726
vt 0.4022 0.7726
vt 0.0143 0.7562
vt 0.1157 0.5952
vt 0.1031 0.5952
vt 0.0603 0.5952
vt 0.2903 0.2516
vt 0.5470 0.2052
vt 0.6085 0.2064
vt 0.5458 0.1826
vt 0.5455 0.1889
vt 0.5339 0.1899
vt 0.5461 0.1994
vt 0.5343 0.1992
vt 0.5349 0.1985
vt 0.5452 0.1983
vt 0.6082 0.1829
vt 0.5343 0.1992
vt 0.5461 0.1994
vt 0.5471 0.2051
vt 0.5349 0.1985
vt 0.5350 0.1906
vt 0.5444 0.1901
vt 0.5452 0.1983
vt 0.5343 0.1992
vt 0.5339 0.1899
vt 0.5350 0.1906
vt 0.5349 0.1985
vt 0.5339 0.1899
vt 0.5455 0.1889
vt 0.5444 0.1901
vt 0.5350 0.1906
vt 0.5455 0.1889
vt 0.5461 0.1994
vt 0.5452 0.1983
vt 0.5444 0.1901
vt 0.6130 0.2021
vt 0.6192 0.2017
vt 0.6209 0.1997
vt 0.6210 0.1901
vt 0.6192 0.1880
vt 0.6128 0.1877
vt 0.8075 0.7189
vt 0.8075 0.6998
vt 0.8575 0.0530
vt 0.8575 0.0512
vt 0.8775 0.0509
vt 0.8778 0.0517
vt 0.8807 0.0471
vt 0.8827 0.0454
vt 0.9027 0.0502
vt 0.9006 0.0562
vt 0.8819 0.0559
vt 0.8801 0.0535
vt 0.8780 0.0488
vt 0.8786 0.0481
vt 0.8583 0.0430
vt 0.8588 0.0413
vt 0.8606 0.0367
vt 0.8579 0.0580
vt 0.8590 0.0626
vt 0.8627 0.0329
vt 0.9810 0.0151
vt 0.9810 0.1163
vt 0.4136 0.1140
vt 0.4180 0.1149
vt 0.4154 0.1246
vt 0.4118 0.1239
vt 0.5148 0.2227
vt 0.5148 0.2312
vt 0.5084 0.2304
vt 0.5084 0.2235
vt 0.4135 0.2842
vt 0.4092 0.2854
vt 0.4067 0.2757
vt 0.4102 0.2747
vt 0.3529 0.2312
vt 0.3529 0.2227
vt 0.3593 0.2235
vt 0.3593 0.2304
vt 0.3692 0.2235
vt 0.3692 0.2304
vt 0.3807 0.2235
vt 0.3807 0.2304
vt 0.4043 0.2605
vt 0.4083 0.2607
vt 0.4993 0.2304
vt 0.4993 0.2235
vt 0.4145 0.1388
vt 0.4105 0.1392
vt 0.3947 0.2235
vt 0.3947 0.2304
vt 0.4156 0.2466
vt 0.4174 0.2497
vt 0.4902 0.2304
vt 0.4902 0.2235
vt 0.4243 0.1490
vt 0.4228 0.1523
vt 0.4071 0.2235
vt 0.4071 0.2304
vt 0.4368 0.2409
vt 0.4374 0.2444
vt 0.4769 0.2304
vt 0.4769 0.2235
vt 0.4446 0.1529
vt 0.4443 0.1565
vt 0.4106 0.2235
vt 0.4106 0.2304
vt 0.4561 0.2402
vt 0.4552 0.2437
vt 0.4655 0.2304
vt 0.4655 0.2235
vt 0.4625 0.1524
vt 0.4636 0.1558
vt 0.4234 0.2235
vt 0.4234 0.2304
vt 0.4606 0.2433
vt 0.4575 0.2452
vt 0.4637 0.2304
vt 0.4637 0.2235
vt 0.4647 0.1507
vt 0.4679 0.1524
vt 0.4241 0.2235
vt 0.4241 0.2304
vt 0.4661 0.2626
vt 0.4628 0.2641
vt 0.4511 0.2304
vt 0.4511 0.2235
vt 0.4686 0.1315
vt 0.4720 0.1328
vt 0.4255 0.2235
vt 0.4255 0.2304
vt 0.4669 0.2634
vt 0.4652 0.2666
vt 0.4490 0.2304
vt 0.4490 0.2235
vt 0.4708 0.1289
vt 0.4727 0.1319
vt 0.4345 0.2235
vt 0.4345 0.2304
vt 0.4687 0.2643
vt 0.4684 0.2679
vt 0.4467 0.2304
vt 0.4467 0.2235
vt 0.4740 0.1273
vt 0.4745 0.1309
vt 0.4345 0.2235
vt 0.4368 0.2235
vt 0.4368 0.2304
vt 0.4345 0.2304
vt 0.4824 0.2610
vt 0.4835 0.2644
vt 0.4368 0.2304
vt 0.4368 0.2235
vt 0.4892 0.1297
vt 0.4883 0.1332
vt 0.9846 0.9202
vt 0.9846 0.9260
vt 0.6544 0.9260
vt 0.6544 0.9202
vt 0.9846 0.9318
vt 0.6544 0.9318
vt 0.9845 0.9375
vt 0.6544 0.9375
vt 0.9845 0.9433
vt 0.6544 0.9433
vt 0.9845 0.9491
vt 0.6545 0.9491
vt 0.9845 0.9548
vt 0.6545 0.9548
vt 0.9845 0.9606
vt 0.6544 0.9606
vt 0.9845 0.9663
vt 0.6544 0.9663
vt 0.9847 0.8741
vt 0.9847 0.8799
vt 0.6545 0.8799
vt 0.6545 0.8741
vt 0.9847 0.8857
vt 0.6545 0.8857
vt 0.9847 0.8914
vt 0.6545 0.8914
vt 0.9846 0.8972
vt 0.6545 0.8972
vt 0.9846 0.9030
vt 0.6545 0.9030
vt 0.9846 0.9087
vt 0.6544 0.9087
vt 0.9846 0.9145
vt 0.6544 0.9145
vt 0.9147 0.8183
vt 0.9295 0.8153
vt 0.9322 0.8218
vt 0.9196 0.8302
vt 0.7096 0.7551
vt 0.7232 0.7609
vt 0.7110 0.7788
vt 0.7007 0.7683
vt 0.6427 0.7683
vt 0.6324 0.7788
vt 0.6202 0.7609
vt 0.6338 0.7551
vt 0.7129 0.7395
vt 0.7276 0.7397
vt 0.6561 0.7772
vt 0.6505 0.7908
vt 0.6930 0.7908
vt 0.6874 0.7772
vt 0.6158 0.7397
vt 0.6305 0.7395
vt 0.6717 0.7803
vt 0.6717 0.7950
vt 0.1708 0.9844
vt 0.0402 0.9844
vt 0.0402 0.9635
vt 0.1708 0.9635
vt 0.1708 0.9090
vt 0.0402 0.9090
vt 0.0402 0.8954
vt 0.1708 0.8954
vt 0.1708 0.9499
vt 0.0402 0.9499
vt 0.0402 0.9362
vt 0.1708 0.9362
vt 0.1708 0.8818
vt 0.0402 0.8818
vt 0.0402 0.8681
vt 0.1708 0.8681
vt 0.1708 0.9226
vt 0.0402 0.9226
vt 0.1708 0.8545
vt 0.0402 0.8545
vt 0.0402 0.8332
vt 0.1708 0.8336
vt 0.8897 0.8407
vt 0.7510 0.8398
vt 0.7518 0.8364
vt 0.8898 0.8373
vt 0.9536 0.7794
vt 0.9507 0.7942
vt 0.9436 0.7942
vt 0.9407 0.7794
vt 0.9407 0.8443
vt 0.9436 0.8295
vt 0.9507 0.8295
vt 0.9536 0.8443
vt 0.9747 0.8302
vt 0.9621 0.8218
vt 0.9648 0.8153
vt 0.9796 0.8183
vt 0.9196 0.7934
vt 0.9322 0.8018
vt 0.9295 0.8083
vt 0.9147 0.8054
vt 0.9747 0.7934
vt 0.9621 0.8018
vt 0.9571 0.7969
vt 0.9655 0.7843
vt 0.9371 0.8268
vt 0.9288 0.8393
vt 0.9371 0.7969
vt 0.9288 0.7843
vt 0.9571 0.8268
vt 0.9655 0.8393
vt 0.9648 0.8083
vt 0.9796 0.8054
vt 0.8898 0.7928
vt 0.7525 0.7938
vt 0.7518 0.7905
vt 0.8897 0.7894
vt 0.8898 0.7997
vt 0.7536 0.8005
vt 0.7531 0.7972
vt 0.8898 0.7962
vt 0.8898 0.8168
vt 0.7544 0.8166
vt 0.7545 0.8134
vt 0.8898 0.8133
vt 0.8898 0.8065
vt 0.7543 0.8070
vt 0.7540 0.8037
vt 0.8898 0.8031
vt 0.8898 0.8236
vt 0.7540 0.8231
vt 0.7543 0.8199
vt 0.8898 0.8202
vt 0.7544 0.8102
vt 0.8898 0.8099
vt 0.8898 0.8305
vt 0.7532 0.8297
vt 0.7537 0.8264
vt 0.8898 0.8270
vt 0.7526 0.8330
vt 0.8898 0.8339
vt 0.7509 0.7870
vt 0.8897 0.7859
vt 0.6224 0.0121
vt 0.6327 0.0246
vt 0.6328 0.0360
vt 0.6224 0.0362
vt 0.6630 0.0759
vt 0.6629 0.0655
vt 0.6743 0.0632
vt 0.6783 0.0726
vt 0.6257 0.0515
vt 0.6352 0.0474
vt 0.6417 0.0570
vt 0.6345 0.0644
vt 0.6912 0.0638
vt 0.6839 0.0566
vt 0.6902 0.0469
vt 0.6998 0.0507
vt 0.6476 0.0730
vt 0.6515 0.0634
vt 0.7027 0.0353
vt 0.6924 0.0354
vt 0.6927 0.0240
vt 0.7029 0.0107
vt 0.6339 0.0077
vt 0.6317 0.0150
vt 0.6921 0.0143
vt 0.6907 0.0071
vt 0.6536 0.0503
vt 0.6455 0.0449
vt 0.6400 0.0368
vt 0.6380 0.0272
vt 0.6380 0.0176
vt 0.6373 0.0095
vt 0.6534 0.0040
vt 0.6630 0.0020
vt 0.6726 0.0039
vt 0.6881 0.0092
vt 0.6885 0.0174
vt 0.6881 0.0269
vt 0.6863 0.0365
vt 0.6809 0.0447
vt 0.6728 0.0502
vt 0.6632 0.0521
vt 0.7355 0.0127
vt 0.7355 0.0058
vt 0.7425 0.0058
vt 0.7425 0.0127
vt 0.7508 0.0127
vt 0.7508 0.0058
vt 0.7593 0.0058
vt 0.7593 0.0127
vt 0.7931 0.0127
vt 0.7931 0.0058
vt 0.8015 0.0058
vt 0.8015 0.0127
vt 0.7677 0.0127
vt 0.7677 0.0058
vt 0.7762 0.0058
vt 0.7762 0.0127
vt 0.8100 0.0127
vt 0.8100 0.0058
vt 0.8184 0.0058
vt 0.8184 0.0127
vt 0.8267 0.0127
vt 0.8267 0.0058
vt 0.8337 0.0058
vt 0.8337 0.0127
vt 0.7846 0.0127
vt 0.7846 0.0058
vt 0.4118 0.8721
vt 0.2105 0.8698
vt 0.2105 0.8545
vt 0.4118 0.8548
vt 0.4118 0.9465
vt 0.2105 0.9465
vt 0.2105 0.9312
vt 0.4118 0.9311
vt 0.4118 0.9005
vt 0.2105 0.9005
vt 0.2105 0.8852
vt 0.4118 0.8851
vt 0.4118 0.9771
vt 0.2105 0.9772
vt 0.2105 0.9618
vt 0.4118 0.9618
vt 0.2105 0.9158
vt 0.4118 0.9158
vt 0.7032 0.8135
vt 0.6325 0.9158
vt 0.5116 0.9158
vt 0.5116 0.9005
vt 0.6325 0.9005
vt 0.4344 0.7593
vt 0.4475 0.7517
vt 0.4473 0.7593
vt 0.4468 0.7668
vt 0.6325 0.9618
vt 0.5116 0.9618
vt 0.5116 0.9465
vt 0.6325 0.9465
vt 0.6325 0.8852
vt 0.5116 0.8851
vt 0.5116 0.8721
vt 0.6325 0.8699
vt 0.5917 0.7596
vt 0.6020 0.7742
vt 0.5795 0.7754
vt 0.5794 0.7672
vt 0.6325 0.9312
vt 0.5116 0.9311
vt 0.6325 0.9772
vt 0.5116 0.9771
vt 0.4243 0.7740
vt 0.4468 0.7750
vt 0.5116 0.8548
vt 0.6325 0.8545
vt 0.5703 0.7915
vt 0.4561 0.7915
vt 0.4561 0.7753
vt 0.5703 0.7753
vt 0.5703 0.7671
vt 0.4561 0.7671
vt 0.4561 0.7596
vt 0.5703 0.7596
vt 0.5785 0.7521
vt 0.5789 0.7597
vt 0.4206 0.7914
vt 0.4468 0.7912
vt 0.6059 0.7916
vt 0.5796 0.7916
vt 0.4552 0.7521
vt 0.5712 0.7521
vt 0.5712 0.8178
vt 0.4552 0.8178
vt 0.4561 0.7915
vt 0.5703 0.7915
vt 0.5011 0.3672
vt 0.5011 0.3949
vt 0.4984 0.3982
vt 0.4984 0.3672
vt 0.8030 0.4745
vt 0.7802 0.4745
vt 0.7802 0.4624
vt 0.8030 0.4624
vt 0.4516 0.4661
vt 0.3316 0.4661
vt 0.3316 0.4266
vt 0.4516 0.4266
vt 0.5158 0.3949
vt 0.5142 0.3982
vt 0.8030 0.5141
vt 0.7802 0.5141
vt 0.4516 0.4661
vt 0.4516 0.4973
vt 0.3316 0.4973
vt 0.3316 0.4661
vt 0.2633 0.4661
vt 0.2633 0.4266
vt 0.5140 0.3981
vt 0.5243 0.4161
vt 0.5149 0.4161
vt 0.4983 0.3981
vt 0.5638 0.3949
vt 0.5655 0.3982
vt 0.8030 0.5262
vt 0.7802 0.5262
vt 0.2633 0.4973
vt 0.2633 0.4661
vt 0.3316 0.4973
vt 0.4516 0.4973
vt 0.3806 0.5014
vt 0.3317 0.5014
vt 0.1709 0.4614
vt 0.2222 0.4614
vt 0.2222 0.4874
vt 0.1709 0.4874
vt 0.5654 0.3981
vt 0.5551 0.4161
vt 0.4516 0.5093
vt 0.3806 0.5050
vt 0.5785 0.3949
vt 0.5812 0.3982
vt 0.6028 0.5620
vt 0.6028 0.5392
vt 0.6418 0.5456
vt 0.6418 0.5556
vt 0.2520 0.4889
vt 0.2520 0.4978
vt 0.2633 0.4973
vt 0.2727 0.5014
vt 0.2222 0.5725
vt 0.1709 0.5725
vt 0.5811 0.3981
vt 0.5645 0.4161
vt 0.4516 0.5485
vt 0.3806 0.5528
vt 0.9734 0.3536
vt 0.9232 0.3536
vt 0.9232 0.3503
vt 0.9734 0.3503
vt 0.4516 0.6311
vt 0.3316 0.6311
vt 0.3316 0.5916
vt 0.4516 0.5916
vt 0.2520 0.5621
vt 0.2727 0.5050
vt 0.2633 0.5042
vt 0.9236 0.3410
vt 0.9236 0.3063
vt 0.9851 0.3062
vt 0.2222 0.5985
vt 0.1709 0.5985
vt 0.3316 0.5916
vt 0.3316 0.5605
vt 0.4516 0.5605
vt 0.4516 0.5916
vt 0.4516 0.5605
vt 0.3806 0.5564
vt 0.8696 0.3414
vt 0.8595 0.3388
vt 0.8522 0.3315
vt 0.8495 0.3214
vt 0.8495 0.3065
vt 0.9232 0.3536
vt 0.8849 0.3536
vt 0.8849 0.3503
vt 0.9232 0.3503
vt 0.2632 0.6311
vt 0.2632 0.5916
vt 0.2520 0.5710
vt 0.2727 0.5528
vt 0.2633 0.5536
vt 0.8522 0.3503
vt 0.8628 0.3503
vt 0.8628 0.3536
vt 0.8522 0.3536
vt 0.8702 0.3536
vt 0.8702 0.3503
vt 0.8775 0.3536
vt 0.8775 0.3503
vt 0.2632 0.5916
vt 0.2632 0.5605
vt 0.9596 0.7148
vt 0.9160 0.7148
vt 0.9160 0.7120
vt 0.9596 0.7120
vt 0.2727 0.5564
vt 0.2633 0.5605
vt 0.3317 0.5564
vt 0.3316 0.5605
vt 0.9702 0.7547
vt 0.9160 0.7547
vt 0.9159 0.7241
vt 0.9160 0.7148
vt 0.8827 0.7148
vt 0.8827 0.7120
vt 0.9160 0.7120
vt 0.8542 0.7120
vt 0.8635 0.7120
vt 0.8635 0.7148
vt 0.8542 0.7148
vt 0.8699 0.7148
vt 0.8699 0.7120
vt 0.8763 0.7148
vt 0.8763 0.7120
vt 0.5812 0.3672
vt 0.5785 0.3672
vt 0.7778 0.5142
vt 0.7778 0.5263
vt 0.6024 0.5263
vt 0.6024 0.5142
vt 0.7778 0.4746
vt 0.6024 0.4746
vt 0.7778 0.4625
vt 0.6024 0.4625
vt 0.7792 0.4245
vt 0.7792 0.4473
vt 0.6038 0.4473
vt 0.6038 0.4245
vt 0.3259 0.5528
vt 0.3259 0.5050
vt 0.2879 0.5050
vt 0.2879 0.5528
vt 0.5862 0.4801
vt 0.5862 0.5745
vt 0.5686 0.5743
vt 0.5686 0.4801
vt 0.4761 0.5745
vt 0.4761 0.4801
vt 0.4936 0.4801
vt 0.4936 0.5743
vt 0.5148 0.5824
vt 0.5107 0.5908
vt 0.5062 0.5905
vt 0.5043 0.5804
vt 0.5053 0.4505
vt 0.5153 0.4507
vt 0.5122 0.4644
vt 0.5074 0.4635
vt 0.5036 0.4743
vt 0.4920 0.4558
vt 0.5053 0.4505
vt 0.5074 0.4635
vt 0.5284 0.4574
vt 0.5154 0.4743
vt 0.5122 0.4644
vt 0.5153 0.4507
vt 0.5148 0.5824
vt 0.5240 0.5981
vt 0.5124 0.6027
vt 0.5107 0.5908
vt 0.5062 0.5905
vt 0.5107 0.5908
vt 0.5124 0.6027
vt 0.5034 0.6027
vt 0.4914 0.5962
vt 0.5043 0.5804
vt 0.5062 0.5905
vt 0.5034 0.6027
vt 0.5122 0.4644
vt 0.5154 0.4743
vt 0.5036 0.4743
vt 0.5074 0.4635
vt 0.5028 0.5486
vt 0.5028 0.5060
vt 0.5077 0.5143
vt 0.5077 0.5403
vt 0.4936 0.4801
vt 0.5028 0.4801
vt 0.5028 0.5743
vt 0.4936 0.5743
vt 0.5686 0.4801
vt 0.5686 0.5743
vt 0.5160 0.5743
vt 0.5160 0.5486
vt 0.5160 0.5060
vt 0.5160 0.4801
vt 0.5338 0.2502
vt 0.5338 0.2329
vt 0.5460 0.2329
vt 0.5460 0.2502
vt 0.5111 0.5403
vt 0.5111 0.5143
vt 0.5463 0.2327
vt 0.5486 0.2327
vt 0.5486 0.2505
vt 0.5463 0.2505
vt 0.5611 0.2328
vt 0.5611 0.2504
vt 0.5488 0.2504
vt 0.5488 0.2328
vt 0.5484 0.2629
vt 0.5461 0.2629
vt 0.5463 0.2505
vt 0.5486 0.2505
vt 0.5461 0.2203
vt 0.5484 0.2203
vt 0.5486 0.2327
vt 0.5463 0.2327
vt 0.6167 0.5962
vt 0.6152 0.5772
vt 0.6221 0.5810
vt 0.6216 0.5917
vt 0.7782 0.5620
vt 0.7698 0.5556
vt 0.7782 0.5392
vt 0.7698 0.5456
vt 0.6216 0.5917
vt 0.6221 0.5810
vt 0.7328 0.5818
vt 0.7323 0.5925
vt 0.7392 0.5962
vt 0.6167 0.5962
vt 0.6216 0.5917
vt 0.7323 0.5925
vt 0.6152 0.5772
vt 0.7377 0.5772
vt 0.7328 0.5818
vt 0.6221 0.5810
vt 0.7377 0.5772
vt 0.7392 0.5962
vt 0.7323 0.5925
vt 0.7328 0.5818
vt 0.8694 0.3604
vt 0.9206 0.3606
vt 0.9789 0.3934
vt 0.9138 0.3936
vt 0.9138 0.3830
vt 0.8821 0.3830
vt 0.8818 0.3931
vt 0.8744 0.3931
vt 0.8658 0.3877
vt 0.8686 0.3830
vt 0.8686 0.3935
vt 0.8505 0.3936
vt 0.8504 0.3794
vt 0.8530 0.3699
vt 0.8599 0.3629
vt 0.9657 0.6730
vt 0.9144 0.7021
vt 0.8693 0.7024
vt 0.8609 0.7002
vt 0.8548 0.6941
vt 0.8525 0.6857
vt 0.8525 0.6732
vt 0.8685 0.6732
vt 0.8686 0.6825
vt 0.8661 0.6784
vt 0.8736 0.6736
vt 0.8801 0.6735
vt 0.8804 0.6824
vt 0.9084 0.6824
vt 0.9083 0.6730
vt 0.8505 0.7547
vt 0.8505 0.7415
vt 0.8528 0.7326
vt 0.8593 0.7262
vt 0.8682 0.7238
vt 0.2041 0.1641
vt 0.2041 0.1546
vt 0.2091 0.1546
vt 0.2091 0.1641
vt 0.1590 0.1641
vt 0.1590 0.1546
vt 0.1640 0.1546
vt 0.1640 0.1641
vt 0.1690 0.1546
vt 0.1690 0.1641
vt 0.1740 0.1546
vt 0.1740 0.1641
vt 0.1790 0.1546
vt 0.1790 0.1641
vt 0.1840 0.1546
vt 0.1840 0.1641
vt 0.1890 0.1546
vt 0.1890 0.1641
vt 0.1941 0.1546
vt 0.1941 0.1641
vt 0.1991 0.1546
vt 0.1991 0.1641
vt 0.1540 0.1641
vt 0.1540 0.1546
vt 0.1490 0.1641
vt 0.1490 0.1546
vt 0.2550 0.1429
vt 0.2623 0.1429
vt 0.2615 0.1456
vt 0.2558 0.1456
vt 0.2686 0.1466
vt 0.2665 0.1486
vt 0.2722 0.1529
vt 0.2695 0.1537
vt 0.2721 0.1602
vt 0.2694 0.1595
vt 0.2685 0.1665
vt 0.2665 0.1645
vt 0.2622 0.1701
vt 0.2615 0.1674
vt 0.2549 0.1701
vt 0.2557 0.1674
vt 0.2487 0.1663
vt 0.2507 0.1644
vt 0.2452 0.1601
vt 0.2479 0.1593
vt 0.2452 0.1528
vt 0.2479 0.1535
vt 0.2488 0.1465
vt 0.2508 0.1485
vt 0.1537 0.1653
vt 0.1537 0.1748
vt 0.1486 0.1748
vt 0.1486 0.1653
vt 0.1989 0.1653
vt 0.1989 0.1748
vt 0.1939 0.1748
vt 0.1939 0.1653
vt 0.1889 0.1748
vt 0.1889 0.1653
vt 0.1838 0.1748
vt 0.1838 0.1653
vt 0.1788 0.1748
vt 0.1788 0.1653
vt 0.1738 0.1748
vt 0.1738 0.1653
vt 0.1688 0.1748
vt 0.1688 0.1653
vt 0.1637 0.1748
vt 0.1637 0.1653
vt 0.1587 0.1748
vt 0.1587 0.1653
vt 0.2040 0.1653
vt 0.2040 0.1748
vt 0.2090 0.1653
vt 0.2090 0.1748
vt 0.2280 0.1701
vt 0.2217 0.1665
vt 0.2236 0.1645
vt 0.2287 0.1673
vt 0.2179 0.1602
vt 0.2207 0.1595
vt 0.2180 0.1529
vt 0.2207 0.1537
vt 0.2216 0.1467
vt 0.2236 0.1487
vt 0.2279 0.1431
vt 0.2287 0.1458
vt 0.2352 0.1431
vt 0.2345 0.1459
vt 0.2415 0.1468
vt 0.2396 0.1488
vt 0.2452 0.1531
vt 0.2425 0.1538
vt 0.2452 0.1603
vt 0.2425 0.1596
vt 0.2416 0.1666
vt 0.2396 0.1646
vt 0.2353 0.1701
vt 0.2345 0.1674
vt 0.3905 0.2520
vt 0.3232 0.2520
vt 0.3232 0.2494
vt 0.3905 0.2494
vt 0.3232 0.2469
vt 0.3905 0.2468
vt 0.3232 0.2443
vt 0.3905 0.2443
vt 0.3232 0.2417
vt 0.3905 0.2417
vt 0.3905 0.2623
vt 0.3232 0.2623
vt 0.3232 0.2597
vt 0.3905 0.2597
vt 0.3232 0.2571
vt 0.3905 0.2571
vt 0.3905 0.2546
vt 0.3232 0.2546
vt 0.1876 0.2200
vt 0.1876 0.2255
vt 0.1807 0.2255
vt 0.1807 0.2200
vt 0.1739 0.2255
vt 0.1739 0.2200
vt 0.1671 0.2255
vt 0.1671 0.2200
vt 0.1602 0.2255
vt 0.1602 0.2200
vt 0.1534 0.2255
vt 0.1534 0.2200
vt 0.1465 0.2255
vt 0.1465 0.2200
vt 0.1397 0.2255
vt 0.1397 0.2200
vt 0.1329 0.2255
vt 0.1329 0.2200
vt 0.1260 0.2255
vt 0.1260 0.2200
vt 0.1192 0.2255
vt 0.1192 0.2200
vt 0.2739 0.2452
vt 0.2697 0.2526
vt 0.2633 0.2462
vt 0.2652 0.2429
vt 0.1123 0.2200
vt 0.1123 0.2255
vt 0.1055 0.2255
vt 0.1055 0.2200
vt 0.2018 0.2286
vt 0.2092 0.2243
vt 0.2115 0.2330
vt 0.2082 0.2350
vt 0.2345 0.2482
vt 0.2345 0.2441
vt 0.2378 0.2441
vt 0.2378 0.2482
vt 0.2345 0.2400
vt 0.2378 0.2400
vt 0.2420 0.2452
vt 0.2420 0.2366
vt 0.2508 0.2390
vt 0.2508 0.2429
vt 0.2623 0.2569
vt 0.2537 0.2569
vt 0.2560 0.2482
vt 0.2599 0.2482
vt 0.2294 0.2360
vt 0.2294 0.2446
vt 0.2207 0.2422
vt 0.2207 0.2383
vt 0.2697 0.2293
vt 0.2739 0.2367
vt 0.2652 0.2390
vt 0.2633 0.2357
vt 0.2177 0.2562
vt 0.2092 0.2562
vt 0.2115 0.2475
vt 0.2154 0.2475
vt 0.1975 0.2445
vt 0.1975 0.2360
vt 0.2062 0.2383
vt 0.2062 0.2422
vt 0.2463 0.2292
vt 0.2537 0.2250
vt 0.2561 0.2337
vt 0.2527 0.2356
vt 0.2463 0.2526
vt 0.2527 0.2462
vt 0.2178 0.2243
vt 0.2252 0.2286
vt 0.2188 0.2350
vt 0.2154 0.2330
vt 0.2252 0.2520
vt 0.2188 0.2456
vt 0.2623 0.2250
vt 0.2599 0.2337
vt 0.2018 0.2520
vt 0.2082 0.2455
vt 0.2345 0.2523
vt 0.2378 0.2523
vt 0.2345 0.2564
vt 0.2378 0.2564
vt 0.2345 0.2605
vt 0.2378 0.2605
vt 0.2345 0.2646
vt 0.2378 0.2646
vt 0.2345 0.2195
vt 0.2345 0.2154
vt 0.2378 0.2154
vt 0.2378 0.2195
vt 0.2345 0.2236
vt 0.2378 0.2236
vt 0.2345 0.2277
vt 0.2378 0.2277
vt 0.2345 0.2318
vt 0.2378 0.2318
vt 0.2345 0.2359
vt 0.2378 0.2359
vt 0.6112 0.3803
vt 0.6794 0.3803
vt 0.6794 0.3875
vt 0.6112 0.3875
vt 0.6794 0.3804
vt 0.6794 0.3599
vt 0.6865 0.3599
vt 0.6865 0.3804
vt 0.6795 0.3600
vt 0.6113 0.3600
vt 0.6113 0.3528
vt 0.6795 0.3528
vt 0.6112 0.3600
vt 0.6112 0.3805
vt 0.6040 0.3805
vt 0.6040 0.3600
vt 0.6111 0.3805
vt 0.6111 0.3599
vt 0.6210 0.3629
vt 0.6210 0.3775
vt 0.6952 0.3785
vt 0.6952 0.3621
vt 0.7210 0.3642
vt 0.7210 0.3763
vt 0.6793 0.3599
vt 0.6760 0.3629
vt 0.6793 0.3805
vt 0.6760 0.3775
vt 0.6989 0.3520
vt 0.7604 0.3520
vt 0.7598 0.3643
vt 0.7214 0.3643
vt 0.7719 0.3620
vt 0.7719 0.3784
vt 0.7598 0.3762
vt 0.7598 0.3641
vt 0.7606 0.3888
vt 0.6982 0.3888
vt 0.7211 0.3764
vt 0.7600 0.3764
vt 0.7210 0.3642
vt 0.7597 0.3642
vt 0.7578 0.3674
vt 0.7291 0.3674
vt 0.7597 0.3763
vt 0.7578 0.3731
vt 0.8082 0.3767
vt 0.7837 0.3767
vt 0.7989 0.3912
vt 0.8069 0.3912
vt 0.8081 0.3905
vt 0.8086 0.3700
vt 0.8086 0.3727
vt 0.8009 0.3727
vt 0.8009 0.3700
vt 0.7210 0.3763
vt 0.7291 0.3731
vt 0.7841 0.3657
vt 0.8086 0.3657
vt 0.8085 0.3520
vt 0.8073 0.3512
vt 0.7993 0.3512
vt 0.7956 0.3727
vt 0.7956 0.3700
vt 0.8001 0.3700
vt 0.8001 0.3727
vt 0.7838 0.3700
vt 0.7956 0.3700
vt 0.7956 0.3727
vt 0.7838 0.3727
vt 0.8781 0.6471
vt 0.9460 0.6494
vt 0.9468 0.6532
vt 0.8753 0.6500
vt 0.8565 0.4115
vt 0.8584 0.4857
vt 0.9798 0.4868
vt 0.9928 0.4115
vt 0.8459 0.5482
vt 0.8202 0.5482
vt 0.8202 0.4119
vt 0.8459 0.4119
vt 0.8625 0.4927
vt 0.9793 0.4927
vt 0.9790 0.4991
vt 0.8628 0.4997
vt 0.8631 0.5183
vt 0.8631 0.5085
vt 0.9775 0.5086
vt 0.9775 0.5184
vt 0.8787 0.6284
vt 0.8781 0.6471
vt 0.8753 0.6500
vt 0.8758 0.6253
vt 0.8575 0.5411
vt 0.8557 0.6153
vt 0.9919 0.6153
vt 0.9789 0.5401
vt 0.9466 0.6295
vt 0.9526 0.6306
vt 0.9506 0.6339
vt 0.9504 0.6447
vt 0.9582 0.6350
vt 0.9583 0.6441
vt 0.9612 0.6343
vt 0.9592 0.6320
vt 0.8202 0.5482
vt 0.8459 0.5482
vt 0.8459 0.6224
vt 0.8409 0.6277
vt 0.8405 0.6339
vt 0.8383 0.6359
vt 0.8281 0.6359
vt 0.8260 0.6339
vt 0.8258 0.6277
vt 0.8202 0.6224
vt 0.9594 0.6470
vt 0.9615 0.6445
vt 0.9476 0.6253
vt 0.8787 0.6284
vt 0.8758 0.6253
vt 0.9520 0.6485
vt 0.8628 0.5271
vt 0.9792 0.5275
vt 0.9793 0.5342
vt 0.8625 0.5344
vt 0.9779 0.5212
vt 0.8630 0.5211
vt 0.8631 0.5183
vt 0.8631 0.5085
vt 0.8630 0.5057
vt 0.9779 0.5058
vt 0.8628 0.4997
vt 0.8630 0.5057
vt 0.8628 0.5271
vt 0.8630 0.5211
vt 0.8787 0.6284
vt 0.8781 0.6471
vt 0.5297 0.0145
vt 0.5494 0.0149
vt 0.5493 0.0280
vt 0.5296 0.0285
vt 0.5068 0.0211
vt 0.5006 0.0209
vt 0.4898 0.0102
vt 0.5173 0.0130
vt 0.5065 0.0264
vt 0.5068 0.0211
vt 0.5204 0.0342
vt 0.5006 0.0209
vt 0.5002 0.0260
vt 0.4929 0.0342
vt 0.5278 0.0126
vt 0.5509 0.0134
vt 0.5256 0.0108
vt 0.5524 0.0116
vt 0.5507 0.0295
vt 0.5524 0.0313
vt 0.5276 0.0305
vt 0.5256 0.0322
vt 0.5002 0.0260
vt 0.5065 0.0264
vt 0.4434 0.1193
vt 0.4534 0.1209
vt 0.4513 0.1256
vt 0.4407 0.1244
vt 0.3955 0.1513
vt 0.3955 0.1575
vt 0.3901 0.1575
vt 0.3901 0.1513
vt 0.4356 0.2696
vt 0.4343 0.2740
vt 0.4289 0.2696
vt 0.4318 0.2682
vt 0.3345 0.1575
vt 0.3345 0.1513
vt 0.3418 0.1513
vt 0.3418 0.1575
vt 0.4388 0.1250
vt 0.4402 0.1295
vt 0.4365 0.1309
vt 0.4335 0.1296
vt 0.4408 0.2701
vt 0.4362 0.2746
vt 0.3866 0.1575
vt 0.3866 0.1513
vt 0.3732 0.1513
vt 0.3732 0.1575
vt 0.3673 0.1567
vt 0.3673 0.1521
vt 0.4489 0.1279
vt 0.4454 0.1287
vt 0.3828 0.1575
vt 0.3828 0.1513
vt 0.3774 0.1575
vt 0.3774 0.1513
vt 0.4490 0.2778
vt 0.4391 0.2796
vt 0.4468 0.2732
vt 0.3263 0.1575
vt 0.3263 0.1513
vt 0.3324 0.1513
vt 0.3324 0.1575
vt 0.4443 0.2709
vt 0.3625 0.1560
vt 0.3625 0.1529
vt 0.4268 0.2643
vt 0.4290 0.2633
vt 0.3477 0.1521
vt 0.3477 0.1567
vt 0.4337 0.1359
vt 0.4315 0.1349
vt 0.3589 0.1554
vt 0.3589 0.1535
vt 0.4267 0.2586
vt 0.4283 0.2586
vt 0.3536 0.1529
vt 0.3536 0.1560
vt 0.4332 0.1406
vt 0.4316 0.1406
vt 0.3578 0.1535
vt 0.3578 0.1554
vt 0.4281 0.2548
vt 0.4290 0.2552
vt 0.4340 0.1440
vt 0.4331 0.1444
vt 0.7574 0.6036
vt 0.7574 0.5722
vt 0.7620 0.5722
vt 0.7620 0.6036
vt 0.7398 0.6133
vt 0.7437 0.6137
vt 0.7411 0.6192
vt 0.7385 0.6166
vt 0.7665 0.5722
vt 0.7665 0.6036
vt 0.7360 0.6219
vt 0.7348 0.6187
vt 0.7711 0.5722
vt 0.7711 0.6036
vt 0.7757 0.5722
vt 0.7757 0.6036
vt 0.7802 0.6036
vt 0.7802 0.5722
vt 0.7848 0.5722
vt 0.7848 0.6036
vt 0.7291 0.6132
vt 0.7307 0.6168
vt 0.6134 0.6185
vt 0.7483 0.6036
vt 0.7483 0.5722
vt 0.7529 0.5722
vt 0.7529 0.6036
vt 0.7346 0.6077
vt 0.7306 0.6095
vt 0.6131 0.6075
vt 0.7382 0.6100
vt 0.7415 0.6077
vt 0.7346 0.6077
vt 0.7363 0.6042
vt 0.7738 0.6268
vt 0.7689 0.6317
vt 0.7620 0.6317
vt 0.7571 0.6268
vt 0.7571 0.6199
vt 0.7620 0.6151
vt 0.7689 0.6151
vt 0.7738 0.6199
vt 0.6131 0.6075
vt 0.6131 0.6042
vt 0.7348 0.6187
vt 0.6134 0.6216
vt 0.6134 0.6185
vt 0.6012 0.5752
vt 0.6077 0.5755
vt 0.6077 0.5978
vt 0.6012 0.5978
vt 0.7198 0.0261
vt 0.8406 0.0295
vt 0.8384 0.0425
vt 0.7194 0.0391
vt 0.8384 0.0586
vt 0.7191 0.0571
vt 0.8407 0.0758
vt 0.7189 0.0758
vt 0.8407 0.0758
vt 0.8384 0.0586
vt 0.8434 0.0589
vt 0.8457 0.0741
vt 0.8384 0.0425
vt 0.8433 0.0442
vt 0.8406 0.0295
vt 0.8450 0.0332
vn 0.9551 0.0166 0.2958
vn 0.9553 0.0256 0.2945
vn 0.8222 0.0388 0.5678
vn 0.7613 0.0259 0.6478
vn 0.2431 0.1619 0.9564
vn 0.6923 0.1189 0.7118
vn 0.4965 0.2576 0.8289
vn 0.1255 0.3146 0.9409
vn -0.9745 -0.1636 0.1534
vn -0.9936 0.0110 0.1124
vn -0.8838 0.1240 0.4510
vn -0.8525 -0.0581 0.5194
vn -0.2676 0.0143 0.9634
vn -0.3294 0.0450 0.9431
vn -0.8310 0.0387 0.5548
vn -0.7688 0.0218 0.6391
vn -0.8727 0.0723 0.4828
vn -0.7008 0.1180 0.7035
vn -0.5016 0.2572 0.8260
vn -0.8188 0.1819 0.5444
vn 0.9932 0.0167 -0.1151
vn 0.9946 0.0117 -0.1031
vn 0.9643 0.0139 -0.2644
vn 0.9683 0.0181 -0.2491
vn -0.2791 0.9462 -0.1636
vn 0.4353 0.8993 -0.0413
vn 0.3693 0.7003 -0.6109
vn -0.4811 0.5579 -0.6761
vn -0.9930 0.0298 -0.1140
vn -0.9845 0.1461 -0.0969
vn -0.9680 0.1558 -0.1965
vn -0.9736 0.0272 -0.2264
vn 0.5286 -0.0031 -0.8488
vn 0.0000 0.0050 -1.0000
vn 0.0000 0.0288 -0.9996
vn 0.5068 0.0148 -0.8619
vn 0.7444 -0.5590 -0.3651
vn 0.0000 -1.0000 -0.0058
vn 0.4136 -0.6182 -0.6684
vn 0.9693 -0.0552 -0.2396
vn 0.9877 0.0048 -0.1562
vn 0.9945 0.0013 -0.1046
vn 0.9876 -0.0604 -0.1447
vn -0.2774 -0.0845 0.9570
vn -0.2415 -0.0123 0.9703
vn -0.7466 -0.0307 0.6645
vn -0.7580 -0.1434 0.6363
vn -0.9556 0.0260 0.2935
vn -0.9558 0.0135 0.2937
vn -0.9610 -0.0538 0.2710
vn 0.9507 -0.2108 0.2275
vn 0.9607 -0.0503 0.2728
vn 0.7408 -0.0259 0.6712
vn 0.7509 -0.1427 0.6448
vn -0.9951 0.0137 -0.0981
vn -0.9934 0.0170 -0.1134
vn -0.9691 0.0188 -0.2457
vn -0.9659 0.0190 -0.2582
vn -0.9924 0.0219 -0.1207
vn -0.9706 0.0225 -0.2397
vn 0.0000 0.0007 -1.0000
vn 0.0000 0.0019 -1.0000
vn 0.5301 -0.0050 -0.8479
vn 0.0000 0.0033 -1.0000
vn 0.5301 -0.0042 -0.8479
vn 0.9997 0.0114 -0.0212
vn 0.9998 0.0136 0.0096
vn 0.9926 0.0215 -0.1195
vn 0.9998 0.0211 0.0000
vn 0.9931 0.0305 -0.1128
vn 0.9995 0.0320 0.0000
vn 0.9712 0.0217 -0.2374
vn 0.9742 0.0287 -0.2239
vn -0.8555 0.0601 0.5143
vn -0.9420 0.0353 0.3338
vn -0.8145 0.0839 0.5740
vn -0.9177 0.0551 0.3934
vn 0.3158 0.0449 0.9477
vn 0.8464 0.0614 0.5289
vn 0.3619 0.0951 0.9273
vn 0.8052 0.0853 0.5868
vn 0.3323 0.1310 0.9340
vn 0.9839 0.1454 -0.1035
vn 0.9653 0.1548 -0.2102
vn 0.5295 0.0481 -0.8469
vn 0.0000 0.0817 -0.9966
vn -0.3750 0.7013 -0.6062
vn 0.4552 0.5464 -0.7030
vn -0.9884 0.0188 0.1504
vn -0.9955 0.0007 0.0946
vn 0.0346 0.5750 0.8174
vn 0.3852 0.5588 0.7344
vn 0.3765 0.8348 0.4017
vn 0.0000 0.8252 0.5649
vn 0.3413 0.9210 0.1874
vn 0.0000 0.9800 0.1987
vn 0.8906 0.4154 -0.1850
vn 0.8924 0.4477 -0.0559
vn 0.2759 0.9459 -0.1704
vn -0.4328 0.9008 -0.0361
vn -0.3416 0.9210 0.1873
vn -0.8918 0.4504 -0.0440
vn -0.8927 0.4207 -0.1614
vn -0.5247 0.0518 -0.8497
vn 0.0000 0.0819 -0.9966
vn 0.0000 0.0289 -0.9996
vn -0.5245 0.0154 -0.8513
vn 0.8128 0.4772 0.3340
vn 0.8187 0.1820 0.5446
vn -0.8747 0.4793 0.0711
vn -0.9905 0.1376 0.0000
vn -0.0358 0.5751 0.8173
vn -0.3871 0.5583 0.7338
vn -0.1313 0.3146 0.9401
vn 0.9905 0.1376 0.0000
vn -0.9927 -0.0643 -0.1017
vn -0.7604 -0.1001 -0.6416
vn -0.9357 0.1006 -0.3381
vn -0.9969 -0.0443 -0.0641
vn -0.9947 -0.0789 -0.0660
vn -0.9625 -0.1781 0.2046
vn -0.9034 -0.2223 0.3665
vn 0.4873 -0.3395 0.8045
vn 0.9068 -0.0674 0.4161
vn 0.8502 0.2013 0.4865
vn 0.4043 0.0069 0.9146
vn 0.9936 0.0114 0.1125
vn 0.8772 0.1287 0.4624
vn 0.8993 0.1691 0.4033
vn 0.9950 0.0058 0.0999
vn 0.9054 0.2482 0.3445
vn 0.9973 0.0281 0.0682
vn 0.9011 0.2954 0.3175
vn 0.9973 0.0400 0.0620
vn 0.8782 0.2802 0.3876
vn 0.9869 0.0003 0.1611
vn -0.9043 -0.2911 -0.3123
vn -0.7214 -0.4560 -0.5212
vn -0.6842 -0.4377 -0.5833
vn -0.8851 -0.2833 -0.3692
vn -0.6953 -0.3148 -0.6460
vn -0.9093 -0.2198 -0.3532
vn -0.9566 -0.1372 -0.2569
vn 0.2654 -0.5041 -0.8219
vn 0.7110 -0.4586 -0.5330
vn 0.6768 -0.4415 -0.5890
vn 0.2899 -0.5690 -0.7695
vn 0.6955 -0.3008 -0.6525
vn 0.2478 -0.4136 -0.8761
vn 0.7698 -0.0981 -0.6307
vn 0.2298 -0.0993 -0.9681
vn 0.9350 0.0815 -0.3451
vn 0.3885 0.2518 -0.8864
vn -0.4024 0.2918 0.8677
vn -0.9046 0.1634 0.3937
vn -0.4300 0.4415 0.7875
vn -0.9102 0.2412 0.3368
vn -0.4239 0.5852 0.6912
vn -0.9039 0.2901 0.3143
vn -0.3866 0.6738 0.6296
vn -0.8805 0.2768 0.3849
vn -0.4036 0.7157 0.5699
vn 0.9745 -0.1634 0.1540
vn 0.8458 -0.0559 0.5306
vn -0.3733 0.0481 0.9265
vn 0.3640 -0.3468 -0.8644
vn 0.8024 -0.4467 -0.3957
vn -0.9509 -0.2109 0.2266
vn -0.9598 0.0911 -0.2653
vn -0.9999 -0.0031 -0.0080
vn 0.9586 0.0892 -0.2701
vn 0.4684 0.2680 -0.8419
vn -0.9901 -0.1028 0.0952
vn 0.9933 -0.0677 -0.0935
vn 0.9970 -0.0479 -0.0601
vn -0.5036 -0.2983 0.8108
vn -0.6181 0.0146 0.7859
vn 0.9617 -0.1787 0.2079
vn 0.9899 -0.0996 0.1004
vn -0.4950 -0.3365 0.8010
vn -0.4089 0.0071 0.9125
vn -0.9988 0.0419 0.0231
vn -0.9852 0.0462 -0.1651
vn -0.9883 0.0094 -0.1522
vn -0.9998 0.0129 0.0165
vn 0.5676 0.0366 -0.8224
vn 0.9844 0.0463 -0.1698
vn 0.9875 0.0094 -0.1571
vn 0.5774 -0.0060 -0.8164
vn -0.9916 -0.0134 0.1286
vn 0.9999 -0.0052 -0.0076
vn -0.5962 0.1593 0.7869
vn 0.9911 -0.0129 0.1324
vn -0.8419 0.5381 0.0396
vn -0.7715 0.6358 -0.0242
vn -0.9263 0.3587 -0.1151
vn -0.9600 0.2783 0.0302
vn 0.2851 0.6910 -0.6642
vn 0.7719 0.6350 -0.0305
vn 0.9244 0.3592 -0.1281
vn 0.5493 0.4411 -0.7097
vn -0.9836 0.0951 0.1531
vn -0.9662 0.1021 0.2367
vn 0.9988 0.0421 0.0232
vn 0.9998 0.0129 0.0165
vn -0.5665 0.3129 0.7623
vn -0.4979 0.2977 0.8145
vn 0.9829 0.0965 0.1564
vn 0.9648 0.1040 0.2417
vn -0.8849 -0.4214 -0.1986
vn -0.3762 -0.8899 -0.2581
vn -0.4010 -0.9149 -0.0472
vn -0.9290 -0.3700 -0.0066
vn 0.9321 -0.1111 -0.3446
vn 0.3433 -0.5969 -0.7251
vn 0.4483 -0.0874 -0.8896
vn -0.7733 0.6182 0.1408
vn -0.8585 0.3077 0.4102
vn 0.8419 0.5381 0.0396
vn 0.9600 0.2784 0.0302
vn -0.2563 0.7065 0.6597
vn -0.3903 0.3691 0.8434
vn 0.7709 0.6198 0.1468
vn 0.8496 0.3074 0.4285
vn 0.3782 -0.9245 -0.0481
vn 0.9194 -0.3931 -0.0081
vn 0.8886 -0.3013 0.3458
vn 0.3748 -0.7032 0.6042
vn -0.9015 -0.2810 0.3291
vn -0.3904 -0.6980 0.6003
vn 0.9879 0.0751 0.1357
vn 0.9990 0.0396 0.0201
vn -0.9884 0.0740 0.1328
vn -0.6036 0.2852 0.7445
vn 0.9767 0.0628 -0.2051
vn -0.9990 0.0393 0.0201
vn 0.5321 0.0795 -0.8430
vn -0.9776 0.0624 -0.2011
vn 0.4955 -0.3003 0.8150
vn 0.9001 -0.2300 0.3699
vn 0.3746 -0.4791 0.7938
vn -0.9316 -0.3028 -0.2010
vn -0.8129 -0.4476 -0.3725
vn -0.9234 -0.3588 -0.1361
vn -0.9534 -0.2815 -0.1084
vn -0.9651 -0.2595 0.0352
vn -0.9686 -0.2478 -0.0173
vn -0.9737 -0.0566 -0.2206
vn -0.9888 -0.0619 -0.1356
vn -0.9961 -0.0672 0.0566
vn 0.0005 0.0056 -1.0000
vn 0.0000 0.0013 -1.0000
vn 0.0003 0.0013 -1.0000
vn 0.9231 -0.3588 -0.1382
vn 0.9527 -0.2809 -0.1159
vn 0.9650 -0.2597 0.0356
vn 0.9686 -0.2480 -0.0172
vn 0.9038 -0.2915 -0.3131
vn -0.9971 0.0408 0.0634
vn -0.9865 0.0045 0.1637
vn -0.9973 0.0279 0.0683
vn -0.9950 0.0057 0.0998
vn -0.9893 -0.1024 -0.1037
vn -0.9852 -0.1206 -0.1214
vn 0.9625 -0.1253 -0.2404
vn 0.9950 -0.0793 -0.0606
vn 0.9146 -0.2079 -0.3467
vn 0.8846 -0.2838 -0.3701
vn 0.9971 -0.0624 0.0432
vn 0.9084 -0.1841 0.3753
vn -0.8561 0.1970 0.4778
vn -0.4114 0.5987 0.6872
vn 0.8727 0.0723 0.4828
vn -0.8131 0.4770 0.3336
vn 0.8746 0.4796 0.0713
vn 0.8719 0.4716 0.1312
vn 0.9714 0.1440 0.1887
vn -0.9998 0.0211 0.0000
vn -0.9995 0.0320 0.0000
vn -0.9745 0.0389 0.2206
vn -0.9710 0.0480 0.2339
vn -0.9998 0.0135 0.0095
vn -0.9807 0.0230 0.1938
vn -0.9997 0.0116 -0.0196
vn 0.9177 0.0551 0.3934
vn 0.9745 0.0389 0.2206
vn 0.9710 0.0480 0.2339
vn 0.9420 0.0353 0.3338
vn 0.9807 0.0230 0.1938
vn 0.9883 0.0185 0.1512
vn 0.9953 0.0026 0.0963
vn 0.9962 -0.0649 0.0580
vn -0.9899 0.0039 -0.1416
vn -0.9951 0.0002 -0.0987
vn -0.8721 0.4714 0.1310
vn -0.9714 0.1440 0.1887
vn -0.3768 0.8347 0.4016
vn 0.9279 -0.3025 -0.2180
vn -0.3830 -0.4771 0.7909
vn -0.4344 -0.4202 0.7967
vn -0.9124 -0.1798 0.3677
vn 0.4254 -0.4227 0.8002
vn -0.5354 0.0796 -0.8408
vn -0.5715 0.0367 -0.8197
vn -0.4723 0.2684 -0.8395
vn 0.6008 0.2858 0.7465
vn 0.5632 0.3138 0.7644
vn 0.5931 0.1597 0.7891
vn 0.3740 0.3673 0.8516
vn -0.5618 0.4413 -0.6997
vn -0.4672 -0.0885 -0.8797
vn -0.9412 -0.1054 -0.3208
vn 0.2520 0.7045 0.6634
vn 0.8698 -0.4464 -0.2099
vn 0.3538 -0.8974 -0.2635
vn 0.4950 0.2984 0.8160
vn -0.2842 0.6942 -0.6612
vn 0.6134 0.0143 0.7896
vn -0.5816 -0.0060 -0.8134
vn 0.4051 0.6014 0.6886
vn 0.3890 0.7232 0.5706
vn -0.4010 0.2642 -0.8771
vn -0.3838 -0.3533 -0.8531
vn -0.2752 -0.5053 -0.8179
vn 0.2680 -0.0834 0.9598
vn 0.3601 0.0504 0.9315
vn 0.3890 0.2944 0.8729
vn 0.3771 0.6772 0.6318
vn 0.4142 0.5885 0.6943
vn 0.4178 0.4451 0.7921
vn -0.2279 -0.0964 -0.9689
vn -0.2586 -0.4175 -0.8711
vn -0.2990 -0.5676 -0.7671
vn -0.3473 0.1306 0.9286
vn -0.2549 0.1618 0.9533
vn -0.3776 0.0947 0.9211
vn -0.5384 -0.0029 -0.8426
vn -0.5394 -0.0019 -0.8420
vn -0.5406 -0.0038 -0.8412
vn -0.4253 -0.6095 -0.6690
vn 0.2580 0.0163 0.9660
vn 0.2351 -0.0097 0.9719
vn 0.0002 -0.0029 -1.0000
vn 0.0000 -0.0472 -0.9989
vn 0.0000 -0.0471 -0.9989
vn -0.7403 -0.5790 -0.3414
vn -0.9103 -0.0600 0.4094
vn 0.9893 -0.1022 -0.1037
vn -0.9944 -0.0660 -0.0817
vn -0.9971 -0.0625 0.0432
vn -0.9880 -0.0996 -0.1179
vn 0.9944 -0.0658 -0.0818
vn 0.9880 -0.0994 -0.1180
vn 0.9852 -0.1205 -0.1215
vn -0.3643 -0.5939 -0.7173
vn -0.1502 0.0263 0.9883
vn -0.1662 0.0292 0.9857
vn 0.1526 0.0256 0.9879
vn 0.0146 0.0380 0.9991
vn 0.0250 0.0079 0.9996
vn -0.9997 -0.0092 0.0218
vn 0.1669 0.0284 0.9855
vn -0.0211 0.0079 0.9997
vn -0.0108 0.0380 0.9992
vn 0.0019 0.0287 0.9996
vn 0.0019 -0.9975 0.0703
vn 0.9997 -0.0123 -0.0203
vn -0.0019 0.9975 -0.0708
vn 0.0001 0.0139 0.9999
vn 0.0000 0.0011 -1.0000
vn 0.0003 0.0012 -1.0000
vn -0.8943 -0.4471 0.0181
vn -0.3413 -0.9392 0.0367
vn -0.2593 -0.7130 0.6514
vn -0.6916 -0.3417 0.6363
vn 0.6919 -0.3251 0.6446
vn 0.7149 -0.2884 0.6369
vn 0.5793 0.5831 0.5695
vn -0.5765 0.5839 0.5716
vn -0.7140 -0.2943 0.6353
vn -0.6967 -0.3222 0.6409
vn 0.2579 -0.7101 0.6551
vn 0.6803 -0.3628 0.6368
vn 0.3391 -0.9401 0.0361
vn 0.8799 -0.4747 0.0176
vn 0.9090 -0.4165 0.0153
vn -0.9121 -0.4096 0.0167
vn -0.9212 -0.3887 0.0158
vn 0.9239 -0.3822 0.0139
vn 0.7025 0.7114 -0.0191
vn -0.7001 0.7138 -0.0181
vn 0.9910 0.0000 0.1340
vn 0.9978 0.0000 0.0661
vn 0.9976 0.0000 0.0697
vn 0.0000 0.9970 0.0767
vn 0.0000 0.9998 -0.0211
vn -0.9910 0.0000 0.1340
vn -0.9976 0.0000 0.0697
vn -0.9978 0.0000 0.0661
vn 0.0000 -0.9999 0.0145
vn 0.0000 -0.9984 0.0562
vn 0.0000 -0.8656 0.5007
vn 0.0000 -0.3080 0.9514
vn -1.0000 0.0000 0.0000
vn 0.0000 0.8572 -0.5149
vn 1.0000 0.0000 0.0000
vn 0.0000 0.1109 0.9938
vn 0.0000 0.3027 -0.9531
vn 0.0000 0.5179 0.8554
vn 0.0000 -0.1096 -0.9940
vn 0.0000 0.9354 0.3536
vn 0.0000 -0.5034 -0.8640
vn 0.0000 0.9677 0.2521
vn 0.0000 -0.9313 -0.3641
vn 0.0000 0.7794 0.6265
vn 0.0000 -0.9677 -0.2519
vn 0.0000 0.3591 0.9333
vn 0.0000 -0.7563 -0.6542
vn 0.0000 0.0241 0.9997
vn 0.0000 -0.3322 -0.9432
vn 0.0000 0.9980 0.0630
vn 0.0000 -0.0348 -0.9994
vn 0.0000 0.0000 -1.0000
vn 0.3827 0.0000 -0.9239
vn 0.7071 0.0000 -0.7071
vn 0.9239 0.0000 -0.3827
vn 1.0000 0.0000 -0.0017
vn 0.9239 0.0000 0.3827
vn 0.9245 0.0000 0.3811
vn 0.7071 0.0000 0.7071
vn 0.7059 0.0000 0.7083
vn 0.3827 0.0000 0.9239
vn 0.3810 0.0000 0.9246
vn 0.0000 0.0000 1.0000
vn -0.3827 0.0000 0.9239
vn -0.7071 0.0000 0.7071
vn -0.9239 0.0000 0.3827
vn -0.9239 0.0000 -0.3827
vn -0.7071 0.0000 -0.7071
vn -0.3827 0.0000 -0.9239
vn 0.0000 1.0000 0.0000
vn 0.1037 0.9937 -0.0429
vn 0.0793 0.9937 -0.0793
vn -0.0793 0.9937 -0.0793
vn -0.1037 0.9937 -0.0429
vn 0.1122 0.9934 -0.0223
vn -0.0429 0.9937 -0.1037
vn 0.0429 0.9937 -0.1037
vn -0.1122 0.9934 -0.0223
vn 0.0000 0.9937 -0.1122
vn 1.0000 -0.0010 0.0039
vn 0.9954 -0.0005 -0.0960
vn 0.9916 -0.0003 -0.1293
vn -0.7112 0.0004 -0.7029
vn -0.9219 0.0013 -0.3874
vn -0.9881 0.0010 -0.1535
vn -0.9940 -0.0003 -0.1096
vn -0.9997 -0.0005 -0.0232
vn 0.0000 0.0833 -0.9965
vn 0.3814 0.0833 -0.9207
vn -0.7047 0.0833 -0.7046
vn -0.3814 0.0833 -0.9207
vn -0.9965 0.0833 0.0000
vn -0.9207 0.0833 -0.3813
vn 0.3826 0.0000 0.9239
vn 0.3813 0.0833 0.9207
vn 0.0000 0.0833 0.9965
vn -0.7046 0.0833 0.7046
vn -0.9207 0.0833 0.3813
vn -0.9239 0.0000 0.3826
vn 0.9239 0.0000 0.3826
vn 0.9207 0.0833 0.3813
vn 0.7046 0.0833 0.7046
vn -0.3813 0.0833 0.9207
vn -0.3826 0.0000 0.9239
vn 0.9207 0.0833 -0.3813
vn 0.9965 0.0833 0.0000
vn 0.7047 0.0833 -0.7046
vn 0.0000 -1.0000 0.0000
vn 0.9963 0.0000 -0.0858
vn 0.9991 0.0000 -0.0429
vn 0.9952 0.0000 -0.0980
vn -0.9930 0.0000 -0.1178
vn -1.0000 0.0000 0.0043
vn -0.9988 0.0000 0.0484
vn -0.9344 0.0018 -0.3562
vn -0.9656 0.0017 -0.2600
vn -0.7154 0.0009 -0.6987
vn 0.9808 0.0000 -0.1951
vn 0.0662 0.0000 -0.9978
vn -0.0364 0.9977 -0.0562
vn -0.0617 0.9956 -0.0708
vn -0.0341 0.9979 -0.0548
vn -0.7154 -0.0015 -0.6987
vn -0.9342 -0.0030 -0.3567
vn -0.9202 -0.0045 -0.3915
vn -0.0364 -0.9977 -0.0562
vn -0.0095 -0.9991 -0.0403
vn -0.0115 -0.9991 -0.0415
vn -0.0340 -0.9979 -0.0548
vn -0.0095 0.9991 -0.0404
vn -0.0115 0.9991 -0.0416
vn -0.9656 -0.0029 -0.2600
vn -0.9707 -0.0058 -0.2402
vn 0.0144 0.0000 -0.9999
vn 0.0136 0.0000 -0.9999
vn -0.0139 0.0000 -0.9999
vn -0.0333 0.0000 -0.9994
vn -0.0616 -0.9956 -0.0707
vn -0.0035 0.9993 -0.0368
vn -0.0035 -0.9993 -0.0367
vn -0.0266 0.0000 -0.9996
vn -0.9997 0.0000 -0.0226
vn -0.0056 1.0000 0.0000
vn -0.0029 1.0000 -0.0022
vn -0.0016 1.0000 -0.0017
vn 0.0000 1.0000 -0.0045
vn 0.0000 1.0000 -0.0023
vn -0.7345 0.0000 -0.6785
vn 0.0307 0.0008 -0.9995
vn 0.0017 -0.0030 -1.0000
vn 0.0313 -0.0007 -0.9995
vn 0.0310 0.0008 -0.9995
vn 0.0000 -0.0032 -1.0000
vn 0.0000 -0.0020 -1.0000
vn 0.0029 1.0000 -0.0022
vn 0.0016 1.0000 -0.0017
vn 0.0036 0.0002 -1.0000
vn 0.0080 0.0005 -0.9999
vn 0.0000 0.4929 -0.8701
vn 0.0000 0.0006 -1.0000
vn 0.7345 0.0000 -0.6785
vn -0.0017 -0.0030 -1.0000
vn -0.0313 -0.0007 -0.9995
vn 0.0000 0.0071 -1.0000
vn 0.0000 -0.1237 -0.9923
vn 0.0000 -0.9914 -0.1308
vn 0.0000 -0.8650 -0.5018
vn 0.0000 -0.4956 -0.8685
vn -0.0080 0.0005 -0.9999
vn -0.0036 0.0002 -1.0000
vn -0.0310 0.0008 -0.9995
vn -0.0307 0.0008 -0.9995
vn 0.0056 1.0000 0.0000
vn 0.0000 0.0005 -1.0000
vn 0.0000 0.0018 -1.0000
vn 0.0000 1.0000 0.0036
vn 0.0000 -1.0000 -0.0036
vn -0.9900 0.0012 -0.1409
vn 0.0000 0.0086 -0.9999
vn 0.0000 -0.9993 -0.0375
vn 0.0000 0.9997 -0.0227
vn 0.9900 0.0012 -0.1409
vn 0.0000 0.0060 -1.0000
vn 0.0000 0.0074 -1.0000
vn 0.0000 0.0046 -1.0000
vn 0.0000 0.0035 -1.0000
vn 0.0000 0.0052 -1.0000
vn 0.0000 -1.0000 -0.0021
vn 0.0000 0.0075 -1.0000
vn 0.0000 0.7146 -0.6995
vn 0.0000 0.0193 -0.9998
vn 0.0000 1.0000 0.0020
vn 1.0000 0.0000 0.0011
vn -1.0000 0.0000 -0.0007
vn 0.0000 0.8660 0.5000
vn 0.0000 0.4999 -0.8661
vn 0.0000 -0.4999 -0.8661
vn 0.0000 -0.8660 -0.5000
vn 0.0000 -0.8660 0.5000
vn 0.0000 -0.5000 0.8660
vn 0.0000 0.5000 0.8660
vn 0.0000 0.8660 -0.5000
vn -0.7193 0.6947 0.0000
vn -0.7193 0.6016 -0.3474
vn -0.9049 0.3686 -0.2128
vn -0.9048 0.4257 0.0000
vn -0.7192 0.3473 -0.6017
vn -0.9048 0.2128 -0.3688
vn -0.7191 0.0000 -0.6949
vn -0.9048 0.0000 -0.4258
vn -0.7191 -0.3474 -0.6017
vn -0.9048 -0.2128 -0.3688
vn -0.7192 -0.6016 -0.3474
vn -0.9048 -0.3687 -0.2128
vn -0.7193 -0.6947 0.0000
vn -0.9048 -0.4257 0.0000
vn -0.7192 -0.6017 0.3474
vn -0.9048 -0.3687 0.2129
vn -0.7192 -0.3474 0.6017
vn -0.9048 -0.2129 0.3687
vn -0.7193 0.0000 0.6947
vn -0.9048 0.0000 0.4257
vn -0.7193 0.3474 0.6016
vn -0.9048 0.2128 0.3686
vn -0.7193 0.6016 0.3473
vn -0.9048 0.3686 0.2129
vn 0.0000 -0.8660 0.4999
vn 0.0000 0.8660 0.4999
vn 0.7192 0.6948 -0.0000
vn 0.7191 0.6018 0.3474
vn 0.9048 0.3688 0.2129
vn 0.9048 0.4258 0.0000
vn 0.7192 0.3473 0.6017
vn 0.9048 0.2129 0.3687
vn 0.7193 0.0000 0.6947
vn 0.9048 0.0000 0.4257
vn 0.7192 -0.3473 0.6017
vn 0.9048 -0.2129 0.3686
vn 0.7191 -0.6018 0.3474
vn 0.9048 -0.3688 0.2129
vn 0.7191 -0.6949 0.0000
vn 0.9048 -0.4258 0.0000
vn 0.7191 -0.6017 -0.3474
vn 0.9048 -0.3688 -0.2129
vn 0.7191 -0.3474 -0.6018
vn 0.9048 -0.2129 -0.3688
vn 0.7191 0.0000 -0.6949
vn 0.9048 0.0000 -0.4258
vn 0.7192 0.3473 -0.6017
vn 0.9048 0.2129 -0.3687
vn 0.7193 0.6016 -0.3474
vn 0.9048 0.3686 -0.2128
vn 0.0000 0.7071 0.7071
vn 0.0000 -0.7071 0.7071
vn 0.0000 -0.7071 -0.7071
vn 0.0000 0.7071 -0.7071
vn -0.5000 0.0000 0.8660
vn -0.8660 0.0000 0.5000
vn -0.8660 0.0000 -0.5000
vn -0.5000 0.0000 -0.8660
vn 0.5000 0.0000 -0.8660
vn 0.8660 0.0000 -0.5000
vn 0.8660 0.0000 0.5000
vn 0.1017 0.9791 -0.1761
vn 0.0000 0.9791 -0.2033
vn 0.5000 0.0000 0.8660
vn -0.1017 -0.9791 -0.1761
vn 0.0000 -0.9791 -0.2033
vn -0.1761 0.9791 0.1017
vn -0.1017 0.9791 0.1761
vn -0.1017 0.9791 -0.1761
vn -0.1761 0.9791 -0.1017
vn 0.2033 -0.9791 0.0000
vn 0.1761 -0.9791 0.1017
vn 0.2033 0.9791 0.0000
vn 0.1761 0.9791 -0.1017
vn 0.0000 -0.9791 0.2033
vn -0.1017 -0.9791 0.1761
vn -0.2033 -0.9791 0.0000
vn -0.1761 -0.9791 -0.1017
vn 0.0000 0.9791 0.2033
vn 0.1017 0.9791 0.1761
vn -0.2033 0.9791 0.0000
vn 0.1017 -0.9791 -0.1761
vn 0.1761 -0.9791 -0.1017
vn 0.1017 -0.9791 0.1761
vn 0.1761 0.9791 0.1017
vn -0.1761 -0.9791 0.1017
vn 0.0000 -0.4718 -0.8817
vn -0.9843 0.0000 -0.1762
vn 0.0000 0.9988 -0.0482
vn 0.9843 0.0000 -0.1762
vn -0.0033 -0.0074 -0.9999
vn -0.0092 0.0008 -0.9999
vn -0.0062 0.0005 -1.0000
vn -0.0082 -0.0034 -0.9999
vn 0.0092 0.0008 -0.9999
vn 0.0062 0.0005 -1.0000
vn 0.0000 0.8784 -0.4779
vn 0.0033 -0.0074 -0.9999
vn 0.0082 -0.0034 -0.9999
vn 0.0000 0.0017 -1.0000
vn 0.0000 0.2840 -0.9588
vn 0.0000 -0.6887 -0.7251
vn -0.7059 0.1380 0.6947
vn -0.4069 0.3587 0.8401
vn -0.7290 0.5358 0.4261
vn 0.0000 -0.9997 0.0247
vn -0.7076 0.7062 -0.0220
vn -0.7653 0.4802 0.4285
vn 0.0000 0.9994 -0.0333
vn -0.3237 0.9042 0.2784
vn 0.3259 0.9021 0.2828
vn 0.0000 -0.6485 0.7612
vn 0.3714 0.3284 0.8684
vn 0.7429 0.4693 0.4772
vn 0.1867 0.3006 0.9353
vn -0.2073 0.3048 0.9296
vn 0.2637 0.4968 0.8268
vn -0.2926 0.4889 0.8218
vn 0.8238 0.4468 0.3489
vn 0.0000 0.0014 -1.0000
vn -0.8329 0.4382 0.3379
vn 0.7121 0.5262 0.4648
vn 0.6644 0.1481 0.7325
vn 0.6970 0.7166 -0.0245
vn 0.6799 0.7329 -0.0242
vn -0.6799 0.7329 -0.0245
vn -0.9967 0.0806 -0.0035
vn 0.9969 0.0785 -0.0046
vn 0.0000 0.1903 0.9817
vn 0.1505 -0.3860 0.9101
vn 0.1440 -0.1024 0.9843
vn -0.1440 -0.1024 0.9843
vn -0.1505 -0.3860 0.9101
vn -0.6842 -0.7033 0.1929
vn -0.6982 0.6649 0.2654
vn 0.6982 0.6649 0.2654
vn 0.6842 -0.7033 0.1929
vn 0.5001 -0.6037 0.6207
vn 0.4984 0.3971 0.7706
vn -0.4984 0.3971 0.7706
vn -0.5001 -0.6037 0.6207
vn 0.0000 0.9729 -0.2313
vn 0.0000 0.9987 -0.0497
vn -0.9971 0.0173 0.0745
vn -0.9986 0.0119 0.0513
vn 0.0000 -0.9214 -0.3887
vn 0.0000 -0.9992 0.0392
vn 0.9986 0.0119 0.0513
vn 0.9971 0.0173 0.0745
vn 0.0000 0.9178 0.3969
vn 0.0000 0.9788 0.2046
vn 0.0000 0.9449 -0.3272
vn 0.0000 0.7469 0.6649
vn 0.0000 0.7939 0.6080
vn 0.0000 -0.9865 0.1639
vn 0.0000 -0.9766 -0.2150
vn 0.0000 0.7631 -0.6463
vn -0.9901 0.0427 0.1337
vn -0.9898 0.0466 0.1346
vn 0.0000 -0.8899 0.4562
vn 0.9898 0.0466 0.1346
vn 0.9901 0.0427 0.1337
vn -0.5440 0.8251 -0.1525
vn 0.5440 0.8251 -0.1525
vn -0.9893 0.0834 0.1192
vn -0.9894 0.0866 0.1165
vn 0.0000 -0.6652 0.7466
vn 0.9894 0.0866 0.1165
vn 0.9893 0.0834 0.1192
vn 0.5218 0.2569 0.8134
vn -0.5218 0.2569 0.8134
vn -0.0126 0.1946 0.9808
vn 0.0000 0.1951 -0.9808
vn -0.0248 -0.0009 0.9997
vn -0.0004 -0.9998 0.0158
vn -0.8656 0.0000 -0.5007
vn -0.7310 0.0000 -0.6823
vn -0.3825 0.0000 -0.9239
vn -0.1906 0.0000 -0.9817
usemtl Rifle
s 1
f 143/1/1 125/2/2 2/3/3 13/4/4
f 244/5/5 24/6/6 45/7/7 261/8/8
f 215/9/9 131/10/10 4/11/11 78/12/12
f 233/13/13 218/14/14 3/15/15 18/16/16
f 162/17/17 19/18/18 48/19/19 179/20/20
f 30/21/21 954/22/22 952/23/23 951/24/24
f 224/25/25 9/26/26 43/27/27 250/28/28
f 25/29/29 50/30/30 965/31/31 958/32/32
f 238/33/33 31/34/34 53/35/35 257/36/36
f 945/37/37 946/38/38 948/39/38 227/40/39
f 980/41/40 975/42/41 141/43/42 138/44/43
f 279/45/44 231/46/45 17/47/46 79/48/47
f 231/46/45 233/13/13 18/16/16 17/47/46
f 128/49/48 134/50/49 18/16/16 3/15/15
f 134/50/49 137/51/50 17/47/46 18/16/16
f 209/52/51 140/53/52 14/54/53 73/55/54
f 140/53/52 143/1/1 13/4/4 14/54/53
f 947/56/55 27/57/56 950/58/57 949/59/58
f 27/57/56 26/60/59 959/61/60 950/58/57
f 26/60/59 25/29/29 958/32/32 959/61/60
f 227/62/39 12/63/61 33/64/62 234/65/63
f 234/65/63 33/64/62 32/66/64 236/67/65
f 236/67/65 32/66/64 31/34/34 238/33/33
f 123/68/66 954/22/22 30/21/21 147/69/67
f 147/69/67 30/21/21 29/70/68 150/71/69
f 150/71/69 29/70/68 28/72/70 153/73/71
f 28/72/70 29/70/68 961/74/72 960/75/73
f 29/70/68 30/21/21 951/24/24 961/74/72
f 128/49/48 3/15/15 21/76/74 156/77/75
f 156/77/75 21/76/74 20/78/76 159/79/77
f 159/79/77 20/78/76 19/18/18 162/17/17
f 219/80/78 2/3/3 22/81/79 240/82/80
f 240/82/80 22/81/79 23/83/81 242/84/82
f 242/84/82 23/83/81 24/6/6 244/5/5
f 51/85/83 28/72/70 960/75/73 962/86/84
f 254/87/85 54/88/86 44/89/87 251/90/88
f 127/91/89 133/92/90 134/50/49 128/49/48
f 258/93/91 46/94/92 40/95/93 247/96/94
f 247/96/94 40/95/93 39/97/95 248/98/96
f 963/99/97 43/27/27 9/26/26 52/100/98
f 225/101/99 10/102/100 42/103/101 249/104/96
f 51/85/83 962/86/84 963/99/97 52/100/98
f 49/105/102 964/106/103 965/31/31 50/30/30
f 255/107/104 55/108/105 56/109/106 256/110/107
f 170/111/108 46/94/92 45/7/7 171/112/109
f 176/113/110 49/105/102 50/30/30 177/114/111
f 259/115/112 47/116/113 48/19/19 260/117/114
f 153/73/71 28/72/70 51/85/83 173/118/115
f 65/119/116 66/120/117 85/121/118 84/122/119
f 201/123/120 65/119/116 37/124/121 144/125/122
f 315/126/123 165/127/124 328/128/125 329/129/126
f 120/130/127 1/131/128 64/132/129 180/133/130
f 180/133/130 64/132/129 63/134/131 183/135/132
f 183/135/132 63/134/131 62/136/133 186/137/134
f 186/137/134 62/136/133 61/138/135 189/139/136
f 129/140/137 8/141/138 68/142/139 192/143/140
f 192/143/140 68/142/139 67/144/141 195/145/142
f 195/145/142 67/144/141 66/120/117 198/146/143
f 198/146/143 66/120/117 65/119/116 201/123/120
f 221/147/144 5/148/145 57/149/146 262/150/147
f 262/150/147 57/149/146 58/151/148 264/152/149
f 264/152/149 58/151/148 59/153/150 266/154/151
f 266/154/151 59/153/150 82/155/152 285/156/153
f 223/157/154 4/11/11 69/158/155 268/159/156
f 268/159/156 69/158/155 70/160/157 270/161/158
f 270/161/158 70/160/157 71/162/159 272/163/160
f 272/163/160 71/162/159 72/164/161 274/165/162
f 120/130/127 206/166/163 74/167/164 1/131/128
f 206/166/163 209/52/51 73/55/54 74/167/164
f 223/157/154 277/168/165 78/12/12 4/11/11
f 277/168/165 279/45/44 79/48/47 78/12/12
f 221/147/144 281/169/166 77/170/167 5/148/145
f 137/51/50 212/171/168 79/48/47 17/47/46
f 212/171/168 215/9/9 78/12/12 79/48/47
f 84/122/119 85/121/118 91/172/169 90/173/170
f 285/156/153 82/155/152 88/174/171 289/175/172
f 37/124/121 65/119/116 84/122/119 80/176/173
f 59/153/150 60/177/174 83/178/175 82/155/152
f 252/179/176 37/124/121 80/176/173 283/180/177
f 60/177/174 38/181/178 81/182/179 83/178/175
f 316/183/180 315/184/123 329/185/126 332/186/181
f 112/187/182 108/188/183 973/189/184 972/190/185
f 309/191/186 111/192/187 970/193/188 978/194/189
f 80/176/173 84/122/119 90/173/170 86/195/190
f 82/155/152 83/178/175 89/196/191 88/174/171
f 283/180/177 80/176/173 86/195/190 287/197/192
f 83/178/175 81/182/179 87/198/193 89/196/191
f 96/199/194 97/200/195 103/201/196 102/202/197
f 293/203/198 94/204/199 100/205/200 297/206/201
f 114/207/202 112/187/182 972/190/185 971/208/203
f 111/192/187 117/209/204 967/210/205 970/193/188
f 305/211/206 114/207/202 971/208/203 977/212/207
f 117/209/204 118/213/208 968/214/209 967/210/205
f 319/215/210 324/216/211 302/217/212 107/218/213
f 318/219/214 323/220/215 321/221/216
f 92/222/217 96/199/194 102/202/197 98/223/218
f 94/204/199 95/224/219 101/225/220 100/205/200
f 291/226/221 92/222/217 98/223/218 295/227/222
f 95/224/219 93/228/223 99/229/224 101/225/220
f 301/230/225 106/231/226 105/232/227 300/233/228
f 98/223/218 102/202/197 107/218/213 104/234/229
f 297/206/201 100/205/200 318/219/214 321/221/216
f 295/227/222 98/223/218 104/234/229 299/235/230
f 101/225/220 99/229/224 105/232/227 106/231/226
f 89/196/191 87/198/193 119/236/231 116/237/232
f 116/237/232 119/236/231 118/213/208 117/209/204
f 287/197/192 86/195/190 115/238/233 303/239/234
f 303/239/234 115/238/233 114/207/202 305/211/206
f 88/174/171 89/196/191 116/237/232 110/240/235
f 110/240/235 116/237/232 117/209/204 111/192/187
f 86/195/190 90/173/170 113/241/236 115/238/233
f 115/238/233 113/241/236 112/187/182 114/207/202
f 289/175/172 88/174/171 110/240/235 307/242/237
f 307/242/237 110/240/235 111/192/187 309/191/186
f 90/173/170 91/172/169 109/243/238 113/241/236
f 113/241/236 109/243/238 108/188/183 112/187/182
f 253/244/239 38/181/178 167/245/240 311/246/241
f 966/247/242 76/248/243 213/249/244 210/250/245
f 211/251/246 214/252/247 215/9/9 212/171/168
f 957/253/248 966/247/242 210/250/245 135/254/249
f 136/255/250 211/251/246 212/171/168 137/51/50
f 956/256/251 7/257/252 217/258/253
f 204/259/254 207/260/255 208/261/256 205/262/257
f 5/148/145 77/170/167 204/259/254 122/263/258
f 71/162/159 200/264/259 203/265/260 72/164/161
f 70/160/157 197/266/261 200/264/259 71/162/159
f 69/158/155 194/267/262 197/266/261 70/160/157
f 4/11/11 131/10/10 194/267/262 69/158/155
f 130/268/263 129/140/137 192/143/140 193/269/264
f 59/153/150 188/270/265 191/271/266 60/177/174
f 58/151/148 185/272/267 188/270/265 59/153/150
f 57/149/146 182/273/268 185/272/267 58/151/148
f 5/148/145 122/263/258 182/273/268 57/149/146
f 60/177/174 191/271/266 167/245/240 38/181/178
f 190/274/269 189/139/136 165/127/124 166/275/270
f 274/165/162 72/164/161 327/276/271 331/277/272
f 24/6/6 155/278/273 171/112/109 45/7/7
f 47/116/113 174/279/274 179/20/20 48/19/19
f 133/92/90 136/255/250 137/51/50 134/50/49
f 52/100/98 168/280/275 173/118/115 51/85/83
f 169/281/276 170/111/108 171/112/109 172/282/277
f 26/60/59 161/283/278 164/284/279 25/29/29
f 161/283/278 160/285/280 163/286/281 164/284/279
f 160/285/280 159/79/77 162/17/17 163/286/281
f 27/57/56 158/287/282 161/283/278 26/60/59
f 158/287/282 157/288/283 160/285/280 161/283/278
f 157/288/283 156/77/75 159/79/77 160/285/280
f 947/56/55 126/289/284 158/287/282 27/57/56
f 126/289/284 127/91/89 157/288/283 158/287/282
f 23/83/81 152/290/285 155/278/273 24/6/6
f 152/290/285 151/291/286 154/292/287 155/278/273
f 151/291/286 150/71/69 153/73/71 154/292/287
f 22/81/79 149/293/288 152/290/285 23/83/81
f 149/293/288 148/294/289 151/291/286 152/290/285
f 148/294/289 147/69/67 150/71/69 151/291/286
f 2/3/3 125/2/2 149/293/288 22/81/79
f 125/2/2 124/295/290 148/294/289 149/293/288
f 124/295/290 123/68/66 147/69/67 148/294/289
f 975/42/41 954/22/22 123/68/66 141/43/42
f 138/44/43 141/43/42 142/296/291 139/297/292
f 142/296/291 124/295/290 125/2/2 143/1/1
f 207/260/255 138/44/43 139/297/292 208/261/256
f 15/298/293 957/253/248 135/254/249 132/299/294
f 46/94/92 170/111/108 169/281/276 168/280/275 52/100/98 9/26/26 39/97/95 40/95/93
f 155/278/273 154/292/287 172/282/277 171/112/109
f 947/56/55 15/298/293 132/299/294 126/289/284
f 126/289/284 132/299/294 133/92/90 127/91/89
f 175/300/295 176/113/110 177/114/111 178/301/296
f 164/284/279 163/286/281 178/301/296 177/114/111
f 25/29/29 164/284/279 177/114/111 50/30/30
f 163/286/281 162/17/17 179/20/20 178/301/296
f 49/105/102 176/113/110 175/300/295 174/279/274 47/116/113 41/302/297 42/103/101 10/102/100
f 76/248/243 8/141/138 129/140/137 213/249/244
f 979/303/298 980/41/40 138/44/43 207/260/255
f 141/43/42 123/68/66 124/295/290 142/296/291
f 168/280/275 169/281/276 172/282/277 173/118/115
f 154/292/287 153/73/71 173/118/115 172/282/277
f 144/125/122 312/304/299 314/305/300 145/306/301
f 312/307/299 311/308/241 313/309/302 314/310/300
f 37/124/121 252/179/176 312/304/299 144/125/122
f 252/311/176 253/312/239 311/308/241 312/307/299
f 109/243/238 308/313/303 310/314/304 108/188/183
f 308/315/303 307/316/237 309/317/186 310/318/304
f 91/172/169 290/319/305 308/313/303 109/243/238
f 290/320/305 289/321/172 307/316/237 308/315/303
f 119/236/231 304/322/306 306/323/307 118/213/208
f 304/324/306 303/325/234 305/326/206 306/327/307
f 87/198/193 288/328/308 304/322/306 119/236/231
f 288/329/308 287/330/192 303/325/234 304/324/306
f 99/229/224 296/331/309 300/233/228 105/232/227
f 296/332/309 295/333/222 299/334/230 300/335/228
f 298/336/310 297/337/201 321/338/216 325/339/311
f 103/201/196 298/340/310 325/341/311 320/342/312
f 107/218/213 302/217/212 299/235/230 104/234/229
f 302/343/212 301/344/225 300/335/228 299/334/230
f 93/228/223 969/345/313 296/331/309 99/229/224
f 969/346/313 291/347/221 295/333/222 296/332/309
f 317/348/314 322/349/315 323/220/215 318/219/214
f 324/350/211 322/351/315 301/344/225 302/343/212
f 118/213/208 306/323/307 292/352/316 968/214/209
f 306/327/307 305/326/206 977/353/207 292/354/316
f 97/200/195 974/355/317 298/340/310 103/201/196
f 974/356/317 293/357/198 297/337/201 298/336/310
f 81/182/179 284/358/318 288/328/308 87/198/193
f 284/359/318 283/360/177 287/330/192 288/329/308
f 108/188/183 310/314/304 294/361/319 973/189/184
f 310/318/304 309/317/186 978/362/189 294/363/319
f 328/128/125 330/364/320 329/129/126
f 275/365/321 274/366/162 331/367/272 330/368/320
f 38/181/178 253/244/239 284/358/318 81/182/179
f 253/312/239 252/311/176 283/360/177 284/359/318
f 85/121/118 286/369/322 290/319/305 91/172/169
f 286/370/322 285/371/153 289/321/172 290/320/305
f 8/141/138 76/248/243 280/372/323 220/373/324
f 220/374/324 280/375/323 281/376/166 221/377/144
f 74/167/164 73/55/54 278/378/325 276/379/326
f 276/380/326 278/381/325 279/382/44 277/383/165
f 1/131/128 74/167/164 276/379/326 222/384/327
f 222/385/327 276/380/326 277/383/165 223/386/154
f 62/136/133 273/387/328 275/388/321 61/138/135
f 273/389/328 272/390/160 274/366/162 275/365/321
f 63/134/131 271/391/329 273/387/328 62/136/133
f 271/392/329 270/393/158 272/390/160 273/389/328
f 64/132/129 269/394/330 271/391/329 63/134/131
f 269/395/330 268/396/156 270/393/158 271/392/329
f 1/131/128 222/384/327 269/394/330 64/132/129
f 222/385/327 223/386/154 268/396/156 269/395/330
f 66/120/117 267/397/331 286/369/322 85/121/118
f 267/398/331 266/399/151 285/371/153 286/370/322
f 67/144/141 265/400/332 267/397/331 66/120/117
f 265/401/332 264/402/149 266/399/151 267/398/331
f 68/142/139 263/403/333 265/400/332 67/144/141
f 263/404/333 262/405/147 264/402/149 265/401/332
f 8/141/138 220/373/324 263/403/333 68/142/139
f 220/374/324 221/377/144 262/405/147 263/404/333
f 46/94/92 258/93/91 261/8/8 45/7/7
f 258/406/91 259/407/112 260/408/114 261/409/8
f 54/88/86 254/87/85 257/36/36 53/35/35
f 9/26/26 224/25/25 248/98/96 39/97/95
f 224/410/25 225/411/99 249/412/96 248/413/96
f 964/106/103 49/105/102 10/102/100 44/414/87
f 41/302/297 246/415/94 249/104/96 42/103/101
f 246/416/94 247/417/94 248/413/96 249/412/96
f 47/116/113 259/115/112 246/415/94 41/302/297
f 259/407/112 258/406/91 247/417/94 246/416/94
f 55/108/105 255/107/104 250/418/28 43/419/27
f 20/78/76 243/420/334 245/421/335 19/18/18
f 243/422/334 242/423/82 244/424/5 245/425/335
f 21/76/74 241/426/336 243/420/334 20/78/76
f 241/427/336 240/428/80 242/423/82 243/422/334
f 3/15/15 218/14/14 241/426/336 21/76/74
f 218/429/14 219/430/78 240/428/80 241/427/336
f 35/431/64 237/432/337 239/433/338 34/434/34
f 36/435/62 235/436/339 237/432/337 35/431/64
f 953/437/61 226/438/340 235/436/339 36/435/62
f 14/54/53 13/4/4 232/439/341 230/440/342
f 230/441/342 232/442/341 233/443/13 231/444/45
f 73/55/54 14/54/53 230/440/342 278/378/325
f 278/381/325 230/441/342 231/444/45 279/382/44
f 16/445/343 956/256/251 229/446/251 228/447/343
f 75/448/344 16/445/343 228/447/343 282/449/345
f 955/450/38 976/451/346 226/452/340 11/453/38
f 34/434/34 239/433/338 256/110/107 56/109/106
f 10/102/100 225/101/99 251/454/88 44/414/87
f 13/4/4 2/3/3 219/80/78 232/439/341
f 72/164/161 203/265/260 146/455/347 327/276/271
f 19/18/18 245/421/335 260/117/114 48/19/19
f 245/425/335 244/424/5 261/409/8 260/408/114
f 174/279/274 175/300/295 178/301/296 179/20/20
f 127/91/89 128/49/48 156/77/75 157/288/283
f 311/246/241 167/245/240 166/275/270 313/456/302
f 313/456/302 166/275/270 165/127/124 315/126/123
f 210/250/245 213/249/244 214/252/247 211/251/246
f 135/254/249 210/250/245 211/251/246 136/255/250
f 205/262/257 208/261/256 209/52/51 206/166/163
f 122/263/258 204/259/254 205/262/257 121/457/348
f 121/457/348 205/262/257 206/166/163 120/130/127
f 200/264/259 199/458/349 202/459/350 203/265/260
f 199/458/349 198/146/143 201/123/120 202/459/350
f 197/266/261 196/460/351 199/458/349 200/264/259
f 196/460/351 195/145/142 198/146/143 199/458/349
f 194/267/262 193/269/264 196/460/351 197/266/261
f 193/269/264 192/143/140 195/145/142 196/460/351
f 131/10/10 130/268/263 193/269/264 194/267/262
f 188/270/265 187/461/352 190/274/269 191/271/266
f 187/461/352 186/137/134 189/139/136 190/274/269
f 185/272/267 184/462/353 187/461/352 188/270/265
f 184/462/353 183/135/132 186/137/134 187/461/352
f 182/273/268 181/463/354 184/462/353 185/272/267
f 181/463/354 180/133/130 183/135/132 184/462/353
f 122/263/258 121/457/348 181/463/354 182/273/268
f 121/457/348 120/130/127 180/133/130 181/463/354
f 191/271/266 190/274/269 166/275/270 167/245/240
f 203/265/260 202/459/350 145/306/301 146/455/347
f 202/459/350 201/123/120 144/125/122 145/306/301
f 208/261/256 139/297/292 140/53/52 209/52/51
f 132/299/294 135/254/249 136/255/250 133/92/90
f 213/249/244 129/140/137 130/268/263 214/252/247
f 214/252/247 130/268/263 131/10/10 215/9/9
f 145/306/301 314/305/300 316/464/180 146/455/347
f 314/310/300 313/309/302 315/184/123 316/183/180
f 139/297/292 142/296/291 143/1/1 140/53/52
f 256/110/107 239/433/338 237/432/337 235/436/339 226/438/340 976/465/346 224/466/25 250/418/28 255/107/104
f 257/36/36 254/87/85 251/90/88 225/467/99 945/468/37 227/62/39 234/65/63 236/67/65 238/33/33
f 280/375/323 75/448/344 282/449/345 281/376/166
f 77/170/167 979/303/298 207/260/255 204/259/254
f 281/169/166 979/303/298 77/170/167
f 76/248/243 966/247/242 280/372/323
f 324/216/211 319/215/210 320/342/312 326/469/355
f 100/205/200 101/225/220 106/231/226 317/348/314 318/219/214
f 322/351/315 324/350/211 326/470/355 323/471/215
f 323/471/215 326/470/355 325/339/311 321/338/216
f 322/349/315 317/348/314 106/231/226 301/230/225
f 102/202/197 103/201/196 320/342/312 319/215/210 107/218/213
f 326/469/355 320/342/312 325/341/311
f 189/139/136 61/138/135 328/128/125 165/127/124
f 330/368/320 331/367/272 332/186/181 329/185/126
f 61/138/135 275/388/321 330/364/320 328/128/125
f 331/277/272 327/276/271 332/472/181
f 146/455/347 316/464/180 332/472/181 327/276/271
f 218/429/14 233/443/13 991/473/356 990/474/357
f 232/442/341 992/475/358 983/476/359 985/477/360
f 982/478/361 988/479/361 1001/480/361 995/481/361
f 232/442/341 219/430/78 993/482/362 992/475/358
f 991/473/356 233/443/13 987/483/363 981/484/364
f 992/475/358 991/485/356 981/484/364 983/476/359
f 233/443/13 232/442/341 985/477/360 987/483/363
f 1000/486/365 998/487/365 996/488/365 994/489/365
f 335/490/366 986/491/366 999/492/366 344/493/366
f 336/494/367 984/495/367 997/496/367 343/497/367
f 333/498/368 334/499/368 341/500/368 342/501/368
f 219/430/78 218/429/14 990/474/357 989/502/369 1004/503/369 1005/504/369 1006/505/369 1003/506/369 1002/507/369 993/482/362
f 6/508/370 229/446/251 216/509/371
f 217/258/253 216/509/371 229/446/251 956/256/251
f 347/510/372 350/511/373 360/512/374 357/513/375
f 356/514/376 351/515/377 354/516/378 353/517/379 352/518/380 355/519/381 357/513/375 360/512/374 359/520/382 358/521/383
f 350/511/373 349/522/384 359/520/382 360/512/374
f 349/522/384 348/523/385 358/521/383 359/520/382
f 348/523/385 346/524/386 356/514/376 358/521/383
f 345/525/387 347/510/372 357/513/375 355/519/381
f 338/526/388 345/525/387 355/519/381 352/518/380
f 337/527/389 340/528/390 354/516/378 351/515/377
f 339/529/391 338/526/388 352/518/380 353/517/379
f 340/528/390 339/529/391 353/517/379 354/516/378
f 346/524/386 337/527/389 351/515/377 356/514/376
f 1008/530/392 1009/531/392 1010/532/393 1007/533/394
f 366/534/395 1011/535/395 1012/536/396 362/537/396
f 367/538/397 1013/539/397 1014/540/398 363/541/399
f 368/542/400 365/543/400 361/544/401 364/545/401
f 364/545/401 361/544/401 369/546/402 372/547/402
f 372/547/402 369/546/402 373/548/403 376/549/403
f 363/541/399 1014/540/398 1015/550/404 371/551/404
f 362/537/396 1012/536/396 1017/552/405 370/553/405
f 1007/533/394 1010/532/393 1018/554/406 1016/555/406
f 376/549/403 373/548/403 377/556/407 380/557/407
f 371/551/404 1015/550/404 1019/558/404 375/559/404
f 370/553/405 1017/552/405 1021/560/408 374/561/408
f 1016/555/406 1018/554/406 1022/562/406 1020/563/406
f 380/557/407 377/556/407 381/564/409 384/565/409
f 375/559/404 1019/558/404 1023/566/404 379/567/404
f 374/561/408 1021/560/408 1025/568/410 378/569/410
f 1020/563/406 1022/562/406 1026/570/406 1024/571/406
f 384/565/409 381/564/409 385/572/411 388/573/411
f 379/567/404 1023/566/404 1027/574/404 383/575/404
f 378/569/410 1025/568/410 1029/576/412 382/577/412
f 1024/571/406 1026/570/406 1030/578/406 1028/579/406
f 388/573/411 385/572/411 389/580/413 392/581/413
f 383/575/404 1027/574/404 1031/582/404 387/583/404
f 382/577/412 1029/576/412 1033/584/414 386/585/414
f 1028/579/406 1030/578/406 1034/586/406 1032/587/406
f 392/581/413 389/580/413 393/588/415 396/589/415
f 387/583/404 1031/582/404 1035/590/404 391/591/404
f 386/585/414 1033/584/414 1037/592/416 390/593/416
f 1032/587/406 1034/586/406 1038/594/406 1036/595/406
f 396/589/415 393/588/415 397/596/417 400/597/417
f 391/591/404 1035/590/404 1039/598/404 395/599/404
f 390/593/416 1037/592/416 1041/600/418 394/601/418
f 1036/595/406 1038/594/406 1042/602/406 1040/603/406
f 400/597/417 397/596/417 1050/604/419 1054/605/419
f 395/599/404 1039/598/404 1043/606/404 399/607/404
f 394/601/418 1041/600/418 1045/608/420 398/609/420
f 1040/603/406 1042/602/406 1046/610/406 1044/611/406
f 1049/612/421 1047/613/421 1051/614/421 1053/615/421
f 399/607/404 1043/606/404 404/616/404 1052/617/404
f 398/609/420 1045/608/420 403/618/422 1048/619/422
f 1044/611/406 1046/610/406 402/620/406 401/621/406
f 1055/622/423 1056/623/424 1057/624/424 1058/625/423
f 1056/623/424 1059/626/425 1060/627/425 1057/624/424
f 1059/626/425 1061/628/426 1062/629/426 1060/627/425
f 1061/628/426 1063/630/406 1064/631/427 1062/629/426
f 1063/630/406 1065/632/428 416/633/429 1064/631/427
f 1065/632/428 1066/634/430 418/635/431 416/633/429
f 1066/634/430 1067/636/432 420/637/433 418/635/431
f 1067/636/432 1068/638/434 422/639/434 420/637/433
f 1068/640/434 1069/641/435 424/642/435 422/643/434
f 1069/641/435 1070/644/436 426/645/436 424/642/435
f 1070/644/436 1071/646/437 428/647/437 426/645/436
f 1071/646/437 1072/648/404 1073/649/404 428/647/437
f 1072/648/404 1074/650/438 1075/651/438 1073/649/404
f 1074/650/438 1076/652/439 1077/653/439 1075/651/438
f 1078/654/440 1055/622/423 1058/625/423 1079/655/440
f 1076/652/439 1078/654/440 1079/655/440 1077/653/439
f 411/656/441 1103/657/441 1104/658/441 413/659/441
f 412/660/442 1083/661/442 1082/662/443 410/663/443
f 434/664/444 1087/665/444 1085/666/445 432/667/445
f 414/668/446 1084/669/446 1083/661/442 412/660/442
f 436/670/447 1088/671/447 1087/665/444 434/664/444
f 410/663/443 1082/662/443 1080/672/448 408/673/448
f 432/667/445 1085/666/445 1086/674/449 430/675/449
f 406/676/450 1081/677/450 1088/671/447 436/670/447
f 408/673/448 1080/672/448 1081/677/450 406/676/450
f 520/678/451 1094/679/451 1093/680/452 521/681/453
f 522/682/423 1090/683/423 1099/684/440 523/685/440
f 524/686/426 1092/687/426 1091/688/425 525/689/425
f 526/690/454 1098/691/439 1097/692/438 527/693/455
f 528/694/424 1089/695/424 1090/683/423 522/682/423
f 529/696/456 1096/697/457 454/698/458 530/699/458
f 521/681/453 1093/680/452 1092/687/426 524/686/426
f 523/685/440 1099/684/440 1098/691/439 526/690/454
f 525/689/425 1091/688/425 1089/695/424 528/694/424
f 527/693/455 1097/692/438 1096/697/457 529/696/456
f 467/700/423 483/701/459 484/702/460 1109/703/424
f 433/704/441 1114/705/441 1115/706/441 435/707/441
f 417/708/441 1106/709/441 1107/710/441 419/711/441
f 423/712/441 468/713/441 1110/714/441 425/715/441
f 407/716/441 1101/717/441 1102/718/441 409/719/441
f 429/720/441 1112/721/441 1113/722/441 431/723/441
f 413/659/441 1104/658/441 1105/724/441 415/725/441
f 435/707/441 1115/706/441 1100/726/441 405/727/441
f 405/727/441 1100/726/441 1101/717/441 407/716/441
f 419/711/441 1107/710/441 1108/728/441 421/729/441
f 425/715/441 1110/714/441 1111/730/441 427/731/441
f 409/719/441 1102/718/441 1103/657/441 411/656/441
f 431/723/441 1113/722/441 1114/705/441 433/704/441
f 415/725/441 1105/724/441 1106/709/441 417/708/441
f 421/729/441 1108/728/441 468/713/441 423/712/441
f 427/731/441 1111/730/441 1112/721/441 429/720/441
f 465/732/439 481/733/461 482/734/462 466/735/440
f 463/736/404 479/737/463 480/738/464 464/739/438
f 474/740/465 490/741/466 475/742/467 459/743/434
f 461/744/436 477/745/468 478/746/469 462/747/470
f 472/748/471 488/749/472 489/750/473 473/751/430
f 459/743/434 475/742/467 476/752/474 460/753/475
f 470/754/426 486/755/476 487/756/477 471/757/406
f 1109/703/424 484/702/460 485/758/478 469/759/425
f 466/735/440 482/734/462 483/760/459 467/761/423
f 464/739/438 480/738/464 481/733/461 465/732/439
f 462/747/470 478/746/469 479/737/463 463/736/404
f 473/751/430 489/750/473 490/741/466 474/740/465
f 460/753/475 476/752/474 477/745/468 461/744/436
f 471/757/406 487/756/477 488/749/472 472/748/471
f 469/759/425 485/758/478 486/755/476 470/754/426
f 451/762/479 1121/763/479 1120/764/479 450/765/479
f 446/766/479 1117/767/479 1128/768/479 458/769/479
f 449/770/479 1119/771/479 1118/772/479 448/773/479
f 457/774/479 1127/775/479 1126/776/479 456/777/479
f 447/778/479 1116/779/479 1117/767/479 446/766/479
f 455/780/479 1125/781/479 1123/782/479 1095/783/479
f 452/784/479 1122/785/479 1121/763/479 451/762/479
f 450/765/479 1120/764/479 1119/771/479 449/770/479
f 458/769/479 1128/768/479 1127/775/479 457/774/479
f 448/773/479 1118/772/479 1116/779/479 447/778/479
f 456/777/479 1126/776/479 1125/781/479 455/780/479
f 1095/783/479 1123/782/479 1124/786/479 453/787/479
f 1129/788/479 1131/789/479 1132/790/479 1133/791/479 1134/792/479 1135/793/479 511/794/479 512/795/479 513/796/479 1136/797/479 1137/798/479 1138/799/479 1139/800/479 1140/801/479 1141/802/479 1130/803/479
f 497/804/480 510/805/480 509/806/481 496/807/481
f 495/808/482 508/809/482 507/810/426 494/811/426
f 503/812/440 519/813/440 518/814/439 502/815/439
f 493/816/425 506/817/425 505/818/424 492/819/424
f 501/820/438 517/821/438 516/822/483 500/823/483
f 499/824/484 515/825/484 514/826/485 498/827/485
f 496/807/481 509/806/481 508/809/482 495/808/482
f 491/828/423 504/829/423 519/813/440 503/812/440
f 494/811/426 507/810/426 506/817/425 493/816/425
f 502/815/439 518/814/439 517/821/438 501/820/438
f 492/819/424 505/818/424 504/829/423 491/828/423
f 500/823/483 516/822/483 515/825/484 499/824/484
f 1148/830/486 527/831/455 529/832/456 540/833/487
f 547/834/425 525/835/425 528/836/424 538/837/424
f 1151/838/440 523/839/440 526/840/454 1153/841/488
f 543/842/489 521/843/453 524/844/426 534/845/426
f 538/837/424 528/836/424 522/846/423 1142/847/490
f 1153/841/488 526/840/454 527/831/455 1148/830/486
f 534/845/426 524/844/426 525/835/425 547/834/425
f 1142/847/490 522/846/423 523/839/440 1151/838/440
f 481/733/461 531/848/441 482/734/462
f 483/701/459 531/848/441 484/702/460
f 485/758/478 531/848/441 486/755/476
f 487/756/477 531/848/441 488/749/472
f 476/752/474 531/848/441 477/745/468
f 489/750/473 531/848/441 490/741/466
f 478/746/469 531/848/441 479/737/463
f 480/738/464 531/848/441 481/733/461
f 479/737/463 531/848/441 480/738/464
f 482/734/462 531/848/441 483/760/459
f 484/702/460 531/848/441 485/758/478
f 486/755/476 531/848/441 487/756/477
f 475/742/467 531/848/441 476/752/474
f 488/749/472 531/848/441 489/750/473
f 477/745/468 531/848/441 478/746/469
f 490/741/466 531/848/441 475/742/467
f 437/849/423 1144/850/490 1150/851/440 445/852/440
f 536/853/491 1149/854/492 557/855/492 1162/856/493
f 440/857/426 535/858/426 546/859/425 439/860/425
f 535/858/426 534/845/426 547/834/425 546/859/425
f 444/861/494 1152/862/494 1146/863/495 443/864/496
f 537/865/497 544/866/498 554/867/499 553/868/500
f 438/869/424 539/870/424 1144/850/490 437/849/423
f 539/870/424 538/837/424 1142/847/490 1144/850/490
f 441/871/489 542/872/489 535/858/426 440/857/426
f 542/872/489 543/842/489 534/845/426 535/858/426
f 445/852/440 1150/851/440 1152/862/494 444/861/494
f 545/873/501 536/853/491 1162/856/493 1159/874/502
f 439/860/425 546/859/425 539/870/424 438/869/424
f 546/859/425 547/834/425 538/837/424 539/870/424
f 443/864/496 1146/863/495 541/875/503 442/876/504
f 1146/863/495 1148/830/486 540/833/487 541/875/503
f 1156/877/505 1154/878/505 555/879/506 1158/880/506
f 1160/881/507 552/882/507 1163/883/508 1161/884/508
f 1158/880/506 555/879/506 552/882/507 1160/881/507
f 1147/885/509 537/865/497 553/868/500 556/886/509
f 1143/887/510 545/873/501 1159/874/502 1155/888/510
f 544/866/498 1145/889/511 1157/890/511 554/867/499
f 549/891/512 548/892/512 1161/884/508 1163/883/508
f 533/893/513 532/894/513 550/895/513 551/896/513
f 1246/897/514 1168/898/515 1165/899/516 1164/900/514
f 562/901/441 1172/902/441 1170/903/441 1171/904/441
f 1166/905/404 1173/906/404 564/907/404 559/908/404
f 1168/898/515 626/909/517 566/910/518 1165/899/516
f 567/911/441 1174/912/441 1172/902/441 562/901/441
f 560/913/519 1176/914/519 1175/915/519 565/916/519
f 1173/906/404 1179/917/404 1178/918/404 564/907/404
f 566/919/518 1181/920/441 1177/921/441 1165/922/516
f 626/909/517 627/923/517 574/924/518 566/910/518
f 1182/925/441 1183/926/441 1174/912/441 567/911/441
f 565/916/519 1175/915/519 1185/927/519 1180/928/519
f 569/929/520 570/930/521 1192/931/522 1209/932/523
f 571/933/479 572/934/479 581/935/479 578/936/479
f 574/937/518 1187/938/441 1181/920/441 566/919/518
f 573/939/524 1190/940/525 1192/931/522 570/930/521
f 627/923/517 1189/941/526 1199/942/527 574/924/518
f 628/943/406 629/944/406 1316/945/406 1318/946/406
f 572/934/479 1186/947/479 1204/948/479 581/935/479
f 579/949/528 569/929/520 1209/932/523 1207/950/529
f 578/936/479 581/935/479 590/951/479 587/952/479
f 1199/953/527 1214/954/441 1187/938/441 574/937/518
f 582/955/524 1217/956/525 1190/940/525 573/939/524
f 1191/957/530 1196/958/530 1194/959/530 1193/960/530
f 577/961/406 586/962/406 1201/963/406 1200/964/406
f 581/935/479 1204/948/479 1203/965/479 590/951/479
f 579/949/528 1207/950/529 1205/966/531 588/967/423
f 1195/968/404 580/969/404 583/970/404
f 587/952/479 590/951/479 1212/971/479 596/972/479
f 595/973/532 1216/974/532 1215/975/532 585/976/532
f 591/977/533 1219/978/534 1217/956/525 582/955/524
f 580/969/404 1195/968/404 1225/979/404 1211/980/404 1210/981/404 1228/982/404 1208/983/404
f 1197/984/535 1221/985/536 601/986/536 593/987/535
f 586/962/406 1202/988/406 1213/989/406 1201/963/406
f 590/951/479 1203/965/479 1226/990/479 1212/971/479
f 588/967/423 1205/966/531 1233/991/531 597/992/423
f 589/993/479 602/994/537 1224/995/537 1206/996/479
f 1223/997/538 1224/995/537 602/994/537 599/998/538
f 1222/999/539 1223/997/538 599/998/538 600/1000/539
f 1221/985/536 1222/999/539 600/1000/539 601/986/536
f 603/1001/532 611/1002/532 1216/974/532 595/973/532
f 1220/1003/530 1236/1004/530 1229/1005/530 1218/1006/530
f 597/992/423 1233/991/531 1231/1007/540 1227/1008/541
f 1235/1009/542 1219/978/534 591/977/533 604/1010/543
f 605/1011/406 619/1012/406 1237/1013/406
f 613/1014/535 1239/1015/536 1238/1016/536 1230/1017/535
f 1234/1018/479 1241/1019/537 1240/1020/537 1232/1021/479
f 1243/1022/538 1240/1020/537 1241/1019/537 1242/1023/538
f 1245/1024/539 1243/1022/538 1242/1023/538 1244/1025/539
f 1239/1015/536 1245/1024/539 1244/1025/539 1238/1016/536
f 1231/1007/540 1235/1009/542 604/1010/543 1227/1008/541
f 1198/1026/544 1199/942/527 1189/941/526 1247/1027/544
f 568/1028/423 1184/1029/423 1188/1030/423 1248/1031/423
f 563/1032/423 568/1028/423 1248/1031/423 1249/1033/423
f 1169/1034/423 563/1032/423 1249/1033/423 1167/1035/423
f 558/1036/404 561/1037/404 625/1038/404 624/1039/404
f 1190/940/525 1217/956/525 1254/1040/545 1256/1041/545
f 1233/991/531 1205/966/531 1250/1042/546 1252/1043/546
f 1257/1044/547 1255/1045/547 1262/1046/547 1264/1047/547
f 1253/1048/548 1251/1049/548 1258/1050/548 1260/1051/548
f 1277/1052/549 1289/1053/549 1287/1054/549 1275/1055/549
f 1278/1056/550 1280/1057/550 1292/1058/550 1296/1059/550
f 1290/1060/551 1271/1061/551 1279/1062/551 1297/1063/551
f 1267/1064/552 1294/1065/552 1293/1066/552 1281/1067/552
f 1276/1068/552 1273/1069/552 1283/1070/552 1288/1071/552
f 1286/1072/550 651/1073/550 1282/1074/550 1284/1075/550
f 1269/1076/551 1274/1077/551 653/1078/551 1285/1079/551
f 647/1080/553 1295/1081/553 1291/1082/553 649/1083/553
f 652/1084/554 646/1085/554 1302/1086/555 1300/1087/555
f 1259/1088/556 1270/1089/556 646/1085/554 652/1084/554 1268/1090/556 1261/1091/556
f 1265/1092/557 1263/1093/557 1272/1094/557 650/1095/558 648/1096/558 1266/1097/557
f 1301/1098/559 1303/1099/559 1310/1100/559 1308/1101/559
f 648/1096/558 650/1095/558 1298/1102/560 1304/1103/560
f 646/1085/554 648/1096/558 1304/1103/560 1302/1086/555
f 650/1095/558 652/1084/554 1300/1087/555 1298/1102/560
f 1306/1104/561 1307/1105/562 1309/1106/562 1311/1107/561
f 1305/1108/563 1299/1109/563 1306/1110/561 1311/1111/561
f 654/1112/404 655/1113/404 659/1114/404 658/1115/404
f 656/1116/406 657/1117/406 661/1118/406 660/1119/406
f 1319/1120/441 1317/1121/441 1325/1122/441 1327/1123/441
f 575/1124/406 628/943/406 1318/946/406 1314/1125/406
f 629/944/406 576/1126/406 1312/1127/406 1316/945/406
f 576/1126/406 575/1124/406 1314/1125/406 1312/1127/406
f 1326/1128/406 1324/1129/406 1320/1130/406 1322/1131/406
f 1315/1132/423 664/1133/423 668/1134/423 1323/1135/423
f 665/1136/434 1313/1137/434 1321/1138/434 669/1139/434
f 663/1140/479 662/1141/479 666/1142/479 667/1143/479
f 607/1144/564 594/1145/564 584/1146/564 630/1147/564 634/1148/564 639/1149/564 643/1150/564 642/1151/564 638/1152/564 636/1153/564 632/1154/564 598/1155/564 610/1156/564 609/1157/564 608/1158/564
f 592/1159/565 612/1160/565 614/1161/565 617/1162/565 616/1163/565 615/1164/565 606/1165/565 633/1166/565 637/1167/565 641/1168/565 645/1169/565 644/1170/565 640/1171/565 635/1172/565 631/1173/565
f 1237/1013/406 619/1012/406 618/1174/406 621/1175/406 622/1176/406 623/1177/406 620/1178/406
f 1339/1179/566 670/1180/566 681/1181/441 1332/1182/441
f 1330/1183/567 679/1184/567 678/1185/423 1328/1186/423
f 1328/1186/423 678/1185/423 677/1187/568 690/1188/568
f 690/1188/568 677/1187/568 676/1189/569 1333/1190/569
f 1333/1190/569 676/1189/569 675/1191/479 1334/1192/479
f 1334/1192/479 675/1191/479 674/1193/570 1335/1194/570
f 1335/1194/570 674/1193/570 673/1195/571 1336/1196/571
f 1336/1196/571 673/1195/571 672/1197/434 1337/1198/434
f 1337/1198/434 672/1197/434 671/1199/572 1338/1200/572
f 1338/1200/572 671/1199/572 670/1180/566 1339/1179/566
f 1331/1201/573 680/1202/573 679/1184/567 1330/1183/567
f 1332/1203/441 681/1204/441 680/1202/573 1331/1201/573
f 682/1205/574 684/1206/575 685/1207/576 683/1208/577
f 684/1206/575 686/1209/578 687/1210/579 685/1207/576
f 686/1209/578 688/1211/580 689/1212/581 687/1210/579
f 688/1211/580 1329/1213/582 691/1214/583 689/1212/581
f 1329/1213/582 692/1215/584 693/1216/585 691/1214/583
f 692/1215/584 694/1217/586 695/1218/587 693/1216/585
f 694/1217/586 696/1219/588 697/1220/589 695/1218/587
f 696/1219/588 698/1221/590 699/1222/591 697/1220/589
f 698/1221/590 700/1223/592 701/1224/593 699/1222/591
f 700/1223/592 702/1225/594 703/1226/595 701/1224/593
f 702/1225/594 704/1227/596 705/1228/597 703/1226/595
f 704/1227/596 682/1205/574 683/1208/577 705/1228/597
f 683/1208/577 685/1207/576 687/1210/579 689/1212/581 691/1214/583 693/1216/585 695/1218/587 697/1220/589 699/1222/591 701/1224/593 703/1226/595 705/1228/597
f 1351/1229/573 717/1230/573 706/1231/441 718/1232/441
f 1342/1233/572 708/1234/572 709/1235/434 1343/1236/434
f 1343/1236/434 709/1235/434 710/1237/571 1344/1238/571
f 1344/1238/571 710/1237/571 711/1239/598 1345/1240/598
f 1345/1240/598 711/1239/598 712/1241/479 1346/1242/479
f 1346/1242/479 712/1241/479 713/1243/569 1347/1244/569
f 1347/1244/569 713/1243/569 714/1245/568 1348/1246/568
f 1348/1246/568 714/1245/568 715/1247/423 1349/1248/423
f 1349/1248/423 715/1247/423 716/1249/567 1350/1250/567
f 1350/1250/567 716/1249/567 717/1230/573 1351/1229/573
f 1341/1251/599 707/1252/599 708/1234/572 1342/1233/572
f 718/1253/441 706/1254/441 707/1252/599 1341/1251/599
f 1340/1255/600 720/1256/601 721/1257/602 719/1258/603
f 720/1256/601 722/1259/604 723/1260/605 721/1257/602
f 722/1259/604 724/1261/606 725/1262/607 723/1260/605
f 724/1261/606 726/1263/608 727/1264/609 725/1262/607
f 726/1263/608 728/1265/610 729/1266/611 727/1264/609
f 728/1265/610 730/1267/612 731/1268/613 729/1266/611
f 730/1267/612 732/1269/614 733/1270/615 731/1268/613
f 732/1269/614 734/1271/616 735/1272/617 733/1270/615
f 734/1271/616 736/1273/618 737/1274/619 735/1272/617
f 736/1273/618 738/1275/620 739/1276/621 737/1274/619
f 738/1275/620 740/1277/622 741/1278/623 739/1276/621
f 740/1277/622 1340/1255/600 719/1258/603 741/1278/623
f 719/1258/603 721/1257/602 723/1260/605 725/1262/607 727/1264/609 729/1266/611 731/1268/613 733/1270/615 735/1272/617 737/1274/619 739/1276/621 741/1278/623
f 742/1279/441 743/1280/441 745/1281/624 744/1282/624
f 744/1282/624 745/1281/624 747/1283/434 746/1284/434
f 746/1284/434 747/1283/434 749/1285/625 748/1286/625
f 748/1286/625 749/1285/625 751/1287/479 750/1288/479
f 750/1289/479 751/1290/479 753/1291/626 752/1292/626
f 752/1292/626 753/1291/626 755/1293/423 754/1294/423
f 756/1295/627 757/1296/627 743/1280/441 742/1279/441
f 754/1294/423 755/1293/423 757/1296/627 756/1295/627
f 1352/1297/434 1355/1298/434 1354/1299/628 1353/1300/628
f 1353/1300/628 1354/1299/628 1357/1301/629 1356/1302/629
f 1356/1302/629 1357/1301/629 1359/1303/404 1358/1304/404
f 1358/1304/404 1359/1303/404 1361/1305/630 1360/1306/630
f 1360/1306/630 1361/1305/630 1363/1307/631 1362/1308/631
f 1362/1308/631 1363/1307/631 1365/1309/423 1364/1310/423
f 1364/1310/423 1365/1309/423 1367/1311/632 1366/1312/632
f 1366/1312/632 1367/1311/632 1369/1313/633 1368/1314/633
f 1368/1314/633 1369/1313/633 1371/1315/406 1370/1316/406
f 1370/1316/406 1371/1315/406 1373/1317/634 1372/1318/634
f 761/1319/635 759/1320/636 1379/1321/636 1378/1322/635
f 1374/1323/637 1375/1324/637 1355/1325/434 1352/1326/434
f 1372/1318/634 1373/1317/634 1375/1324/637 1374/1323/637
f 780/1327/638 758/1328/639 1376/1329/639 804/1330/638
f 802/1331/630 1398/1332/631 1399/1333/631 803/1334/630
f 1398/1332/631 782/1335/423 783/1336/423 1399/1333/631
f 775/1337/640 773/1338/641 1391/1339/641 1393/1340/640
f 781/1341/642 779/1342/643 1397/1343/643 805/1344/642
f 764/1345/644 766/1346/645 1384/1347/645 1382/1348/644
f 765/1349/646 763/1350/647 1381/1351/647 1383/1352/646
f 770/1353/648 772/1354/649 1390/1355/649 1388/1356/648
f 776/1357/650 778/1358/651 1396/1359/651 1394/1360/650
f 771/1361/652 769/1362/653 1387/1363/653 1389/1364/652
f 777/1365/654 775/1337/640 1393/1340/640 1395/1366/654
f 760/1367/655 762/1368/656 1380/1369/656 1377/1370/655
f 759/1320/636 781/1341/642 805/1344/642 1379/1321/636
f 766/1346/645 768/1371/657 1386/1372/657 1384/1347/645
f 758/1328/639 760/1367/655 1377/1370/655 1376/1329/639
f 767/1373/658 765/1349/646 1383/1352/646 1385/1374/658
f 772/1354/649 774/1375/659 1392/1376/659 1390/1355/649
f 778/1358/651 780/1327/638 804/1330/638 1396/1359/651
f 773/1338/641 771/1361/652 1389/1364/652 1391/1339/641
f 779/1342/643 777/1365/654 1395/1366/654 1397/1343/643
f 762/1368/656 764/1345/644 1382/1348/644 1380/1369/656
f 763/1350/647 761/1319/635 1378/1322/635 1381/1351/647
f 768/1371/657 770/1353/648 1388/1356/648 1386/1372/657
f 774/1375/659 776/1357/650 1394/1360/650 1392/1376/659
f 769/1362/653 767/1373/658 1385/1374/658 1387/1363/653
f 800/1377/404 802/1331/630 803/1334/630 801/1378/404
f 798/1379/629 800/1377/404 801/1378/404 799/1380/629
f 796/1381/628 798/1379/629 799/1380/629 797/1382/628
f 794/1383/434 796/1381/628 797/1382/628 795/1384/434
f 792/1385/637 794/1386/434 795/1387/434 793/1388/637
f 790/1389/634 792/1385/637 793/1388/637 791/1390/634
f 788/1391/406 790/1389/634 791/1390/634 789/1392/406
f 786/1393/633 788/1391/406 789/1392/406 787/1394/633
f 784/1395/632 786/1393/633 787/1394/633 785/1396/632
f 782/1335/423 784/1395/632 785/1396/632 783/1336/423
f 1401/1397/406 1403/1398/406 1405/1399/406 1400/1400/406
f 1404/1401/441 1406/1402/441 1408/1403/441 807/1404/441
f 1407/1405/404 1409/1406/404 1411/1407/404 808/1408/404
f 1410/1409/479 1402/1410/479 806/1411/479 809/1412/479
f 810/1413/423 813/1414/423 1418/1415/423 1412/1416/423
f 1413/1417/660 1419/1418/660 1427/1419/660 1421/1420/660
f 813/1414/423 812/1421/423 1416/1422/423 1418/1415/423
f 812/1421/423 811/1423/423 1414/1424/423 1416/1422/423
f 811/1423/423 810/1413/423 1412/1416/423 1414/1424/423
f 817/1425/661 1417/1426/661 1425/1427/661 1426/1428/661
f 816/1429/662 1415/1430/662 1423/1431/662 1424/1432/662
f 815/1433/663 814/1434/663 1420/1435/663 1422/1436/663
f 821/1437/664 820/1438/665 1430/1439/666 1432/1440/667
f 820/1438/665 819/1441/668 1428/1442/669 1430/1439/666
f 1429/1443/406 1434/1444/406 1437/1445/406 1436/1446/406 1442/1447/406
f 1431/1448/441 822/1449/441 827/1450/670 829/1451/670
f 818/1452/671 821/1437/664 1432/1440/667 1435/1453/672
f 819/1441/668 818/1452/671 1435/1453/672 1428/1442/669
f 1433/1454/404 823/1455/404 1443/1456/404 1441/1457/404 1440/1458/404
f 1438/1459/673 1439/1460/673 831/1461/674 828/1462/674
f 828/1462/674 831/1461/674 829/1451/670 827/1450/670
f 824/1463/675 830/1464/675 826/1465/675 825/1466/675
f 1456/1467/676 843/1468/677 1475/1469/678 1453/1470/676
f 1447/1471/406 1473/1472/406 840/1473/406 1452/1474/406
f 1444/1475/679 1446/1476/679 1451/1477/679 1454/1478/679
f 1470/1479/680 1475/1480/678 849/1481/681 1469/1482/680
f 1459/1483/682 1465/1484/682 859/1485/683 852/1486/684
f 1448/1487/685 1457/1488/685 836/1489/685 1450/1490/685
f 1471/1491/404 1445/1492/404 1455/1493/404 842/1494/404
f 845/1495/686 841/1496/687 846/1497/688
f 848/1498/689 846/1497/688 853/1499/690 858/1500/691
f 852/1501/684 853/1499/690 854/1502/692
f 832/1503/693 833/1504/693 839/1505/693 1468/1506/693 1462/1507/693 1464/1508/693 1458/1509/693 1460/1510/693 1467/1511/693 1474/1512/693
f 857/1513/694 858/1500/691 859/1514/683
f 841/1496/687 845/1495/686 1472/1515/695
f 845/1495/686 1449/1516/696 834/1517/696 1472/1515/695
f 843/1468/677 848/1498/689 849/1518/681
f 1466/1519/697 841/1520/687 1472/1521/695 838/1522/697
f 858/1500/691 853/1499/690 852/1501/684 859/1514/683
f 854/1523/692 1461/1524/698 850/1525/698 852/1486/684
f 859/1485/683 855/1526/699 1463/1527/699 857/1528/694
f 848/1498/689 858/1500/691 857/1513/694 849/1518/681
f 847/1529/700 849/1481/681 857/1528/694 856/1530/700
f 853/1499/690 846/1497/688 841/1496/687 854/1502/692
f 841/1520/687 844/1531/701 851/1532/701 854/1523/692
f 835/1533/702 845/1495/686 843/1468/677 837/1534/702
f 843/1468/677 845/1495/686 846/1497/688 848/1498/689
f 1475/1469/678 843/1468/677 849/1518/681
f 865/1535/703 868/1536/704 874/1537/705 871/1538/706
f 863/1539/404 1479/1540/404 870/1541/707 873/1542/708
f 861/1543/441 1478/1544/441 873/1542/708 867/1545/709
f 862/1546/479 860/1547/479 864/1548/710 870/1541/707
f 868/1536/704 865/1535/703 866/1549/711 869/1550/712
f 869/1550/712 866/1549/711 864/1551/710 867/1552/709
f 874/1537/705 868/1536/704 869/1550/712 875/1553/713
f 875/1553/713 869/1550/712 867/1552/709 873/1554/708
f 871/1538/706 874/1537/705 875/1553/713 872/1555/714
f 872/1555/714 875/1553/713 873/1554/708 870/1556/707
f 865/1535/703 871/1538/706 872/1555/714 866/1549/711
f 866/1549/711 872/1555/714 870/1556/707 864/1551/710
f 1476/1557/406 1477/1558/406 867/1545/709 864/1548/710
f 1481/1559/406 1482/1560/406 1483/1561/406 1480/1562/406
f 881/1563/715 1484/1564/715 1485/1565/716 877/1566/716
f 1489/1567/404 1488/1568/404 893/1569/717 1497/1570/718
f 884/1571/719 1495/1572/719 894/1573/720 1499/1574/720
f 888/1575/406 891/1576/406 1496/1577/721 1498/1578/722
f 1490/1579/404 1487/1580/404 1488/1568/404 1489/1567/404
f 877/1566/716 1485/1565/716 1493/1581/723 1494/1582/723
f 895/1583/724 892/1584/724 896/1585/725 899/1586/725
f 1480/1562/406 885/1587/406 889/1588/406
f 1480/1562/406 1483/1561/406 885/1587/406
f 1494/1582/723 1493/1581/723 890/1589/726 1491/1590/726
f 1491/1590/726 890/1589/726 879/1591/727 1492/1592/727
f 882/1593/404 1486/1594/404 1487/1580/404 878/1595/404
f 883/1596/728 880/1597/728 876/1598/729 887/1599/729
f 1480/1562/406 889/1588/406 891/1576/406 888/1575/406
f 887/1599/729 876/1598/729 1495/1572/719 884/1571/719
f 878/1595/404 1487/1580/404 886/1600/404
f 1492/1592/727 879/1591/727 892/1584/724 895/1583/724
f 886/1600/404 1487/1580/404 1490/1579/404
f 899/1586/725 896/1585/725 900/1601/730 903/1602/730
f 1497/1570/718 893/1569/717 897/1603/731 1501/1604/732
f 1499/1574/720 894/1573/720 898/1605/733 1502/1606/733
f 1498/1578/722 1496/1577/721 1500/1607/734 1503/1608/735
f 903/1602/730 900/1601/730 904/1609/736 907/1610/737
f 1501/1604/732 897/1603/731 901/1611/738 1505/1612/739
f 1502/1606/733 898/1605/733 902/1613/740 1506/1614/740
f 1503/1608/735 1500/1607/734 1504/1615/741 1507/1616/742
f 906/1617/743 907/1610/737 904/1609/736 905/1618/744
f 1505/1612/739 901/1611/738 905/1619/744 904/1620/736
f 1506/1614/740 902/1613/740 906/1617/743 905/1618/744
f 1507/1616/742 1504/1615/741 907/1621/737 906/1622/743
f 1515/1623/434 1511/1624/434 1514/1625/625 1517/1626/625
f 1508/1627/441 911/1628/441 913/1629/624 1509/1630/624
f 1517/1626/625 1514/1625/625 1516/1631/479 1520/1632/479
f 1509/1630/624 913/1629/624 915/1633/745 1510/1634/745
f 1520/1632/479 1516/1631/479 1519/1635/626 1523/1636/626
f 1523/1636/626 1519/1635/626 1522/1637/423 1525/1638/423
f 1526/1639/627 928/1640/627 909/1641/441 1512/1642/441
f 925/1643/406 924/1644/406 1530/1645/406
f 1512/1646/441 909/1647/441 908/1648/624 1513/1649/624
f 1525/1638/423 1522/1637/423 928/1640/627 1526/1639/627
f 927/1650/406 926/1651/406 1530/1645/406 1528/1652/406
f 1524/1653/627 922/1654/627 911/1628/441 1508/1627/441
f 1521/1655/746 920/1656/746 922/1654/627 1524/1653/627
f 1513/1649/624 908/1648/624 1511/1624/434 1515/1623/434
f 910/1657/406 912/1658/406 914/1659/406 916/1660/406 917/1661/406 918/1662/406 919/1663/406 921/1664/406
f 926/1651/406 925/1643/406 1530/1645/406
f 920/1656/746 1521/1655/746 1527/1665/423 1518/1666/423
f 924/1644/406 923/1667/406 1530/1645/406
f 1510/1634/745 915/1633/745 929/1668/747 1531/1669/747
f 931/1670/748 1529/1671/748 930/1672/748 932/1673/748
f 933/1674/749 1532/1675/749 1533/1676/750 935/1677/750
f 935/1677/750 1533/1676/750 1534/1678/751 937/1679/751
f 937/1679/751 1534/1678/751 1535/1680/752 939/1681/752
f 940/1682/441 938/1683/441 943/1684/441 944/1685/441
f 938/1683/441 936/1686/441 942/1687/441 943/1684/441
f 936/1686/441 934/1688/441 941/1689/441 942/1687/441
